,ds,trend,yhat_lower,yhat_upper,trend_lower,trend_upper,additive_terms,additive_terms_lower,additive_terms_upper,weekly,weekly_lower,weekly_upper,yearly,yearly_lower,yearly_upper,multiplicative_terms,multiplicative_terms_lower,multiplicative_terms_upper,yhat
2531,2024-05-29,680037.817433416,651821.2207895588,721379.1129952241,677660.1675004831,682680.470562155,6748.891822055133,6748.891822055133,6748.891822055133,2554.7463436888315,2554.7463436888315,2554.7463436888315,4194.145478366302,4194.145478366302,4194.145478366302,0.0,0.0,0.0,686786.7092554711
2532,2024-05-30,680177.2495073901,650697.080341153,721242.6039404867,677691.6629846753,682898.8778593969,6408.003519297959,6408.003519297959,6408.003519297959,2446.7349268358244,2446.7349268358244,2446.7349268358244,3961.268592462134,3961.268592462134,3961.268592462134,0.0,0.0,0.0,686585.253026688
2533,2024-05-31,680316.6815813641,650386.2451097611,723765.2133598658,677735.2488865614,683254.8785265503,6852.514178661118,6852.514178661118,6852.514178661118,3073.455279381672,3073.455279381672,3073.455279381672,3779.0588992794455,3779.0588992794455,3779.0588992794455,0.0,0.0,0.0,687169.1957600253
2534,2024-06-01,680456.1136553383,641707.7084763516,712941.4102526143,677758.4051108831,683499.1169859366,-2633.885151552396,-2633.885151552396,-2633.885151552396,-6281.972046178734,-6281.972046178734,-6281.972046178734,3648.0868946263367,3648.0868946263367,3648.0868946263367,0.0,0.0,0.0,677822.2285037859
2535,2024-06-02,680595.5457293123,640240.6211260669,712943.2133411535,677795.4164779355,683710.3314673828,-2714.1215999102983,-2714.1215999102983,-2714.1215999102983,-6281.966188143919,-6281.966188143919,-6281.966188143919,3567.844588233622,3567.844588233622,3567.844588233622,0.0,0.0,0.0,677881.424129402
2536,2024-06-03,680734.9778032864,653703.4216804779,720797.2582420261,677822.7766682042,683997.0055858733,5772.7045799184225,5772.7045799184225,5772.7045799184225,2235.935461009348,2235.935461009348,2235.935461009348,3536.7691189090747,3536.7691189090747,3536.7691189090747,0.0,0.0,0.0,686507.6823832048
2537,2024-06-04,680874.4098772604,647671.4721818294,722415.8480805266,677836.3806744409,684276.172828753,5805.356582667762,5805.356582667762,5805.356582667762,2253.0662233591556,2253.0662233591556,2253.0662233591556,3552.2903593086075,3552.2903593086075,3552.2903593086075,0.0,0.0,0.0,686679.7664599282
2538,2024-06-05,681013.8419512345,649244.6869776276,721696.9555045814,677896.5376498601,684626.2468521997,6165.6476619624045,6165.6476619624045,6165.6476619624045,2554.746343690404,2554.746343690404,2554.746343690404,3610.901318272,3610.901318272,3610.901318272,0.0,0.0,0.0,687179.4896131969
2539,2024-06-06,681153.2740252087,649835.6542897267,722582.5170679702,677936.5692061608,684950.5888282536,6154.984529491276,6154.984529491276,6154.984529491276,2446.734926838401,2446.734926838401,2446.734926838401,3708.249602652874,3708.249602652874,3708.249602652874,0.0,0.0,0.0,687308.2585547
2540,2024-06-07,681292.7060991827,655171.5493538061,724753.9318115956,677993.3761777917,685191.4260176321,6912.702977440543,6912.702977440543,6912.702977440543,3073.4552794012766,3073.4552794012766,3073.4552794012766,3839.247698039266,3839.247698039266,3839.247698039266,0.0,0.0,0.0,688205.4090766233
2541,2024-06-08,681432.1381731568,644111.387379966,716559.9883249626,678040.9694505746,685571.700388399,-2283.772665113798,-2283.772665113798,-2283.772665113798,-6281.972046190222,-6281.972046190222,-6281.972046190222,3998.199381076423,3998.199381076423,3998.199381076423,0.0,0.0,0.0,679148.365508043
2542,2024-06-09,681571.5702471308,644131.9514453583,718291.7248105797,678088.5627233575,685935.8634432412,-2103.0269919246675,-2103.0269919246675,-2103.0269919246675,-6281.966188132436,-6281.966188132436,-6281.966188132436,4178.939196207768,4178.939196207768,4178.939196207768,0.0,0.0,0.0,679468.5432552062
2543,2024-06-10,681711.0023211049,651708.8634327152,722348.3534870304,678136.1559961404,686306.5256259246,6610.917086896871,6610.917086896871,6610.917086896871,2235.935461015866,2235.935461015866,2235.935461015866,4374.981625881007,4374.981625881007,4374.981625881007,0.0,0.0,0.0,688321.9194080017
2544,2024-06-11,681850.4343950789,651259.3939411759,724452.9324031884,678099.7337868133,686722.5800077614,6832.742586241439,6832.742586241439,6832.742586241439,2253.0662233614116,2253.0662233614116,2253.0662233614116,4579.676362880027,4579.676362880027,4579.676362880027,0.0,0.0,0.0,688683.1769813204
2545,2024-06-12,681989.8664690531,652218.0606501244,726142.7027780598,677968.7436816397,687023.6517039521,7341.11230543879,7341.11230543879,7341.11230543879,2554.7463436901476,2554.7463436901476,2554.7463436901476,4786.365961748643,4786.365961748643,4786.365961748643,0.0,0.0,0.0,689330.9787744919
2546,2024-06-13,682129.2985430271,654070.9712753303,727130.9170011922,677670.9887444151,687307.7512112353,7435.277033053216,7435.277033053216,7435.277033053216,2446.734926840978,2446.734926840978,2446.734926840978,4988.542106212238,4988.542106212238,4988.542106212238,0.0,0.0,0.0,689564.5755760804
2547,2024-06-14,682268.7306170012,656576.7637693187,731035.8834080481,677566.1842896626,687662.2236084121,8253.452061156997,8253.452061156997,8253.452061156997,3073.4552794015863,3073.4552794015863,3073.4552794015863,5179.99678175541,5179.99678175541,5179.99678175541,0.0,0.0,0.0,690522.1826781582
2548,2024-06-15,682408.1626909751,643999.6106662257,716587.1175825866,677406.7192276425,687925.984150295,-927.0072606503503,-927.0072606503503,-927.0072606503503,-6281.9720461842935,-6281.9720461842935,-6281.9720461842935,5354.964785533944,5354.964785533944,5354.964785533944,0.0,0.0,0.0,681481.1554303247
2549,2024-06-16,682547.5947649493,644253.4267431874,719172.8660421518,677395.8183931258,688193.4734952332,-773.7119526159244,-773.7119526159244,-773.7119526159244,-6281.966188139422,-6281.966188139422,-6281.966188139422,5508.254235523497,5508.254235523497,5508.254235523497,0.0,0.0,0.0,681773.8828123334
2550,2024-06-17,682687.0268389235,654358.2531794311,724472.3018704033,677372.183252033,688467.3967901998,7871.297512389794,7871.297512389794,7871.297512389794,2235.935461022385,2235.935461022385,2235.935461022385,5635.362051367409,5635.362051367409,5635.362051367409,0.0,0.0,0.0,690558.3243513133
2551,2024-06-18,682826.4589128974,654348.4264739678,728836.1919025823,677323.1930518061,688745.2690833843,7985.637985868959,7985.637985868959,7985.637985868959,2253.066223367714,2253.066223367714,2253.066223367714,5732.571762501246,5732.571762501246,5732.571762501246,0.0,0.0,0.0,690812.0968987664
2552,2024-06-19,682965.8909868716,655065.0151837737,726856.6446946014,677363.4830245707,688988.0642461427,8351.777788835185,8351.777788835185,8351.777788835185,2554.7463436905346,2554.7463436905346,2554.7463436905346,5797.031445144651,5797.031445144651,5797.031445144651,0.0,0.0,0.0,691317.6687757068
2553,2024-06-20,683105.3230608455,654210.2310807445,727426.9466222264,677303.9327393307,689227.0310763601,8273.545013956267,8273.545013956267,8273.545013956267,2446.73492684063,2446.73492684063,2446.73492684063,5826.810087115636,5826.810087115636,5826.810087115636,0.0,0.0,0.0,691378.8680748018
2554,2024-06-21,683244.7551348197,655399.2417128376,727025.7192013608,677235.5041689088,689465.8628570244,8894.386494981913,8894.386494981913,8894.386494981913,3073.4552793954413,3073.4552793954413,3073.4552793954413,5820.931215586471,5820.931215586471,5820.931215586471,0.0,0.0,0.0,692139.1416298016
2555,2024-06-22,683384.1872087936,646665.1653383479,720959.5743952676,677393.8614027922,689628.5284714209,-502.5888618709167,-502.5888618709167,-502.5888618709167,-6281.972046195783,-6281.972046195783,-6281.972046195783,5779.383184324866,5779.383184324866,5779.383184324866,0.0,0.0,0.0,682881.5983469227
2556,2024-06-23,683523.6192827678,646578.4112709425,719149.4063037258,677400.6376166047,689938.4769425113,-578.8600986483925,-578.8600986483925,-578.8600986483925,-6281.966188151903,-6281.966188151903,-6281.966188151903,5703.106089503512,5703.106089503512,5703.106089503512,0.0,0.0,0.0,682944.7591841194
2557,2024-06-24,683663.0513567419,655292.7738166053,726410.4012323687,677442.7672136314,690182.358199017,7829.8913135871035,7829.8913135871035,7829.8913135871035,2235.9354610289042,2235.9354610289042,2235.9354610289042,5593.9558525582,5593.9558525582,5593.9558525582,0.0,0.0,0.0,691492.942670329
2558,2024-06-25,683802.4834307159,656779.3931112224,727783.9849015346,677367.9871872265,690496.0041481305,7707.712784028433,7707.712784028433,7707.712784028433,2253.0662233699695,2253.0662233699695,2253.0662233699695,5454.646560658464,5454.646560658464,5454.646560658464,0.0,0.0,0.0,691510.1962147442
2559,2024-06-26,683941.91550469,655881.3429591993,728855.8777216905,677334.0925243072,690655.4251021128,7843.419020204046,7843.419020204046,7843.419020204046,2554.7463436897347,2554.7463436897347,2554.7463436897347,5288.672676514312,5288.672676514312,5288.672676514312,0.0,0.0,0.0,691785.334524894
2560,2024-06-27,684081.347578664,656147.2086081086,727585.0084083562,677364.8712684413,691119.446639138,7546.948133531142,7546.948133531142,7546.948133531142,2446.7349268461303,2446.7349268461303,2446.7349268461303,5100.213206685011,5100.213206685011,5100.213206685011,0.0,0.0,0.0,691628.2957121951
2561,2024-06-28,684220.7796526381,655444.7276493112,731884.7982946094,677327.954784032,691418.4139733698,7967.475619176657,7967.475619176657,7967.475619176657,3073.4552793892967,3073.4552793892967,3073.4552793892967,4894.02033978736,4894.02033978736,4894.02033978736,0.0,0.0,0.0,692188.2552718148
2562,2024-06-29,684360.2117266123,645846.0567615132,719494.1835938552,677228.2303831007,691913.7628694875,-1606.676623400268,-1606.676623400268,-1606.676623400268,-6281.972046163625,-6281.972046163625,-6281.972046163625,4675.295422763356,4675.295422763356,4675.295422763356,0.0,0.0,0.0,682753.535103212
2563,2024-06-30,684499.6438005862,644964.9489310456,721235.2328284179,677145.1022364702,692392.1398117901,-1832.4107617132656,-1832.4107617132656,-1832.4107617132656,-6281.966188149656,-6281.966188149656,-6281.966188149656,4449.555426436388,4449.555426436388,4449.555426436388,0.0,0.0,0.0,682667.233038873
2564,2024-07-01,684639.0758745604,653906.2105724645,726484.510967209,677009.256207298,692696.8488939627,6458.428715337333,6458.428715337333,6458.428715337333,2235.9354610274886,2235.9354610274886,2235.9354610274886,4222.493254309845,4222.493254309845,4222.493254309845,0.0,0.0,0.0,691097.5045898977
2565,2024-07-02,684778.5079485343,652362.8716379328,730575.5297579069,676954.6221585321,693004.7830523965,6252.901590052577,6252.901590052577,6252.901590052577,2253.0662233671624,2253.0662233671624,2253.0662233671624,3999.835366685413,3999.835366685413,3999.835366685413,0.0,0.0,0.0,691031.4095385869
2566,2024-07-03,684917.9400225085,653650.2718170905,726833.9777836424,676981.4536597237,693294.3343945764,6341.946566981948,6341.946566981948,6341.946566981948,2554.7463436889348,2554.7463436889348,2554.7463436889348,3787.200223293014,3787.200223293014,3787.200223293014,0.0,0.0,0.0,691259.8865894905
2567,2024-07-04,685057.3720964827,655253.7920102337,727650.964068567,677012.3342072273,693567.862898309,6036.695918707338,6036.695918707338,6036.695918707338,2446.7349268352586,2446.7349268352586,2446.7349268352586,3589.9609918720785,3589.9609918720785,3589.9609918720785,0.0,0.0,0.0,691094.06801519
2568,2024-07-05,685196.8041704566,653409.0322221314,728752.3164999975,676942.4761389192,693916.0849307635,6486.5711088505195,6486.5711088505195,6486.5711088505195,3073.4552793831526,3073.4552793831526,3073.4552793831526,3413.1158294673673,3413.1158294673673,3413.1158294673673,0.0,0.0,0.0,691683.3752793071
2569,2024-07-06,685336.2362444308,644615.1924673473,719987.6291617265,676772.3191804909,694486.365747684,-3020.803224128356,-3020.803224128356,-3020.803224128356,-6281.972046175111,-6281.972046175111,-6281.972046175111,3261.1688220467563,3261.1688220467563,3261.1688220467563,0.0,0.0,0.0,682315.4330203024
2570,2024-07-07,685475.6683184047,647034.4805816087,717107.1025226915,676746.7730466467,694846.0422438292,-3143.941815572702,-3143.941815572702,-3143.941815572702,-6281.966188138169,-6281.966188138169,-6281.966188138169,3138.0243725654677,3138.0243725654677,3138.0243725654677,0.0,0.0,0.0,682331.726502832
2571,2024-07-08,685615.1003923789,655337.737198976,727952.9961652352,676657.2495341977,695205.7187399743,5282.832926950537,5282.832926950537,5282.832926950537,2235.935461041942,2235.935461041942,2235.935461041942,3046.8974659085948,3046.8974659085948,3046.8974659085948,0.0,0.0,0.0,690897.9333193294
2572,2024-07-09,685754.532466353,657176.9139312428,726076.4126316268,676555.4404382944,695505.2914699502,5243.3080442846085,5243.3080442846085,5243.3080442846085,2253.066223368404,2253.066223368404,2253.066223368404,2990.2418209162047,2990.2418209162047,2990.2418209162047,0.0,0.0,0.0,690997.8405106376
2573,2024-07-10,685893.964540327,654063.5501048223,728589.9452643011,676553.3197238373,695913.5721478717,5524.44381957343,5524.44381957343,5524.44381957343,2554.746343690509,2554.746343690509,2554.746343690509,2969.697475882922,2969.697475882922,2969.697475882922,0.0,0.0,0.0,691418.4083599003
2574,2024-07-11,686033.3966143011,654718.5260119357,728977.8619759313,676555.207927189,696071.1631168446,5432.793783557585,5432.793783557585,5432.793783557585,2446.734926837835,2446.734926837835,2446.734926837835,2986.058856719751,2986.058856719751,2986.058856719751,0.0,0.0,0.0,691466.1903978587
2575,2024-07-12,686172.8286882751,651836.3590176549,730398.0672134268,676484.557165998,696256.4466501768,6112.7191383430245,6112.7191383430245,6112.7191383430245,3073.455279383463,3073.455279383463,3073.455279383463,3039.2638589595613,3039.2638589595613,3039.2638589595613,0.0,0.0,0.0,692285.5478266181
2576,2024-07-13,686312.2607622491,644218.1776622118,719484.2004260604,676389.7725857028,696724.1588876239,-3153.568096844838,-3153.568096844838,-3153.568096844838,-6281.972046177893,-6281.972046177893,-6281.972046177893,3128.4039493330556,3128.4039493330556,3128.4039493330556,0.0,0.0,0.0,683158.6926654043
2577,2024-07-14,686451.6928362233,646533.4180730191,722624.5782535542,676385.8317317237,697110.2626979295,-3030.2114152657255,-3030.2114152657255,-3030.2114152657255,-6281.966188126686,-6281.966188126686,-6281.966188126686,3251.75477286096,3251.75477286096,3251.75477286096,0.0,0.0,0.0,683421.4814209576
2578,2024-07-15,686591.1249101973,652183.3221378174,728422.5966537276,676387.2203892244,697382.8239581046,5642.7617113108,5642.7617113108,5642.7617113108,2235.935461014572,2235.935461014572,2235.935461014572,3406.8262502962284,3406.8262502962284,3406.8262502962284,0.0,0.0,0.0,692233.8866215082
2579,2024-07-16,686730.5569841714,653862.1652917479,728756.1199900685,676388.6090467251,697616.8861711568,5843.496904046801,5843.496904046801,5843.496904046801,2253.0662233655976,2253.0662233655976,2253.0662233655976,3590.4306806812033,3590.4306806812033,3590.4306806812033,0.0,0.0,0.0,692574.0538882182
2580,2024-07-17,686869.9890581454,656283.4117087588,730854.3089920392,676522.9187750783,697874.9301325419,6353.513279804962,6353.513279804962,6353.513279804962,2554.7463436897096,2554.7463436897096,2554.7463436897096,3798.766936115253,3798.766936115253,3798.766936115253,0.0,0.0,0.0,693223.5023379504
2581,2024-07-18,687009.4211321195,652748.1788430439,730969.60202216,676516.7168892432,698145.2279661235,6474.253387723066,6474.253387723066,6474.253387723066,2446.7349268374883,2446.7349268374883,2446.7349268374883,4027.518460885578,4027.518460885578,4027.518460885578,0.0,0.0,0.0,693483.6745198426
2582,2024-07-19,687148.8532060935,656503.6135057549,731917.6991917092,676476.698710608,698524.5898766934,7345.4177529961535,7345.4177529961535,7345.4177529961535,3073.455279370863,3073.455279370863,3073.455279370863,4271.962473625289,4271.962473625289,4271.962473625289,0.0,0.0,0.0,694494.2709590897
2583,2024-07-20,687288.2852800677,646225.9029238884,722530.550456449,676401.5445176126,698754.5530878876,-1754.884519844797,-1754.884519844797,-1754.884519844797,-6281.972046154441,-6281.972046154441,-6281.972046154441,4527.087526309645,4527.087526309645,4527.087526309645,0.0,0.0,0.0,685533.4007602229
2584,2024-07-21,687427.7173540418,648671.6649900622,727207.1246635389,676395.5523342291,698963.1733297037,-1494.2497851700084,-1494.2497851700084,-1494.2497851700084,-6281.96618813367,-6281.96618813367,-6281.96618813367,4787.7164029636615,4787.7164029636615,4787.7164029636615,0.0,0.0,0.0,685933.4675688718
2585,2024-07-22,687567.1494280158,657576.6689813865,733940.0214608543,676397.0612904292,699301.8515726038,7284.56670840887,7284.56670840887,7284.56670840887,2235.9354610210908,2235.9354610210908,2235.9354610210908,5048.63124738778,5048.63124738778,5048.63124738778,0.0,0.0,0.0,694851.7161364247
2586,2024-07-23,687706.5815019899,657030.0073518557,733949.2538227609,676402.264769812,699823.3002169747,7557.764017767972,7557.764017767972,7557.764017767972,2253.0662233678536,2253.0662233678536,2253.0662233678536,5304.697794400119,5304.697794400119,5304.697794400119,0.0,0.0,0.0,695264.3455197578
2587,2024-07-24,687846.013575964,658715.8591135193,735796.2097321085,676407.4682491948,700390.4055267602,8105.731986052362,8105.731986052362,8105.731986052362,2554.7463436900966,2554.7463436900966,2554.7463436900966,5550.985642362265,5550.985642362265,5550.985642362265,0.0,0.0,0.0,695951.7455620164
2588,2024-07-25,687985.4456499382,658012.7087043329,733685.4705587319,676412.6717285778,700667.4876842776,8229.616570511134,8229.616570511134,8229.616570511134,2446.734926837141,2446.734926837141,2446.734926837141,5782.8816436739935,5782.8816436739935,5782.8816436739935,0.0,0.0,0.0,696215.0622204493
2589,2024-07-26,688124.8777239121,657918.4621242024,734750.1207998699,676408.4939816489,700938.4983407792,9069.648979333639,9069.648979333639,9069.648979333639,3073.455279396922,3073.455279396922,3073.455279396922,5996.193699936715,5996.193699936715,5996.193699936715,0.0,0.0,0.0,697194.5267032458
2590,2024-07-27,688264.3097978863,650696.5266828313,726652.723341871,676403.8842792336,701208.5394596176,-94.7295227081563,-94.7295227081563,-94.7295227081563,-6281.972046157222,-6281.972046157222,-6281.972046157222,6187.2425234490665,6187.2425234490665,6187.2425234490665,0.0,0.0,0.0,688169.5802751782
2591,2024-07-28,688403.7418718602,648946.7428363177,726084.8230739571,676223.3785139384,701698.1707364621,70.97307072916344,70.97307072916344,70.97307072916344,-6281.966188122185,-6281.966188122185,-6281.966188122185,6352.939258851349,6352.939258851349,6352.939258851349,0.0,0.0,0.0,688474.7149425894
2592,2024-07-29,688543.1739458344,658434.5710504982,735589.1655011757,676007.1011691121,701916.0780276699,8726.782700056081,8726.782700056081,8726.782700056081,2235.935461019675,2235.935461019675,2235.935461019675,6490.847239036407,6490.847239036407,6490.847239036407,0.0,0.0,0.0,697269.9566458905
2593,2024-07-30,688682.6060198083,658939.1236625662,736902.5612813459,675960.5057139347,702294.6362317353,8852.292791034708,8852.292791034708,8852.292791034708,2253.066223365047,2253.066223365047,2253.066223365047,6599.226567669658,6599.226567669658,6599.226567669658,0.0,0.0,0.0,697534.898810843
2594,2024-07-31,688822.0380937825,658659.6293206284,737449.816889005,675984.2501762825,702711.4452897367,9231.807009487777,9231.807009487777,9231.807009487777,2554.7463436898397,2554.7463436898397,2554.7463436898397,6677.060665797937,6677.060665797937,6677.060665797937,0.0,0.0,0.0,698053.8451032703
2595,2024-08-01,688961.4701677567,661976.2771794779,738463.1868455411,676019.6213194913,703093.2700250003,9170.799307467869,9170.799307467869,9170.799307467869,2446.7349268426406,2446.7349268426406,2446.7349268426406,6724.0643806252265,6724.0643806252265,6724.0643806252265,0.0,0.0,0.0,698132.2694752245
2596,2024-08-02,689100.9022417306,659133.4703134525,738657.1000826814,676081.06129712,703382.5531806467,9814.1289981448,9814.1289981448,9814.1289981448,3073.4552793843227,3073.4552793843227,3073.4552793843227,6740.673718760478,6740.673718760478,6740.673718760478,0.0,0.0,0.0,698915.0312398754
2597,2024-08-03,689240.3343157048,649013.0976904519,727270.7035873631,676230.5649099334,703563.9715853899,446.04567626513784,446.04567626513784,446.04567626513784,-6281.97204616871,-6281.97204616871,-6281.97204616871,6728.017722433849,6728.017722433849,6728.017722433849,0.0,0.0,0.0,689686.3799919699
2598,2024-08-04,689379.7663896787,650149.9434526543,731875.3486745037,676229.2410162049,703890.894398959,405.90725597393106,405.90725597393106,405.90725597393106,-6281.966188119937,-6281.966188119937,-6281.966188119937,6687.873444093868,6687.873444093868,6687.873444093868,0.0,0.0,0.0,689785.6736456526
2599,2024-08-05,689519.1984636529,658256.9647484467,737419.0869863097,676195.0170368417,704154.5958775954,8858.540842687717,8858.540842687717,8858.540842687717,2235.93546101826,2235.93546101826,2235.93546101826,6622.6053816694575,6622.6053816694575,6622.6053816694575,0.0,0.0,0.0,698377.7393063406
2600,2024-08-06,689658.630537627,659081.0463117708,737427.5794403101,676104.5272913631,704418.2973562316,8788.157327337685,8788.157327337685,8788.157327337685,2253.0662233673033,2253.0662233673033,2253.0662233673033,6535.091103970384,6535.091103970384,6535.091103970384,0.0,0.0,0.0,698446.7878649647
2601,2024-08-07,689798.062611601,659229.8150294139,737163.3711064679,675952.3117134048,704719.5535465268,8983.381458239539,8983.381458239539,8983.381458239539,2554.7463436902262,2554.7463436902262,2554.7463436902262,6428.635114549314,6428.635114549314,6428.635114549314,0.0,0.0,0.0,698781.4440698405
2602,2024-08-08,689937.4946855751,658916.4438762184,738901.4984604019,675913.2799962807,705024.8840295211,8753.608192506712,8753.608192506712,8753.608192506712,2446.7349268422945,2446.7349268422945,2446.7349268422945,6306.873265664417,6306.873265664417,6306.873265664417,0.0,0.0,0.0,698691.1028780818
2603,2024-08-09,690076.9267595491,659795.3049870563,739533.387586238,675952.316772049,705323.7798855542,9247.125515343425,9247.125515343425,9247.125515343425,3073.455279384633,3073.455279384633,3073.455279384633,6173.670235958793,6173.670235958793,6173.670235958793,0.0,0.0,0.0,699324.0522748925
2604,2024-08-10,690216.3588335232,649976.6649052664,729578.3688869211,675642.8468231214,705645.5507732546,-248.95932404410118,-248.95932404410118,-248.95932404410118,-6281.9720461714915,-6281.9720461714915,-6281.9720461714915,6033.012722127391,6033.012722127391,6033.012722127391,0.0,0.0,0.0,689967.3995094792
2605,2024-08-11,690355.7909074973,648880.5867305603,729913.78418366,675549.4529978618,706167.7655984561,-393.06512448067554,-393.06512448067554,-393.06512448067554,-6281.966188141655,-6281.966188141655,-6281.966188141655,5888.901063660979,5888.901063660979,5888.901063660979,0.0,0.0,0.0,689962.7257830166
2606,2024-08-12,690495.2229814713,659692.5773246458,738203.5006057476,675450.1250715848,706424.9583501479,7981.177481190803,7981.177481190803,7981.177481190803,2235.935461014693,2235.935461014693,2235.935461014693,5745.242020176112,5745.242020176112,5745.242020176112,0.0,0.0,0.0,698476.4004626621
2607,2024-08-13,690634.6550554454,658991.4485902728,737495.1203768662,675380.4877128353,706682.1511018397,7858.811577293703,7858.811577293703,7858.811577293703,2253.0662233594358,2253.0662233594358,2253.0662233594358,5605.745353934267,5605.745353934267,5605.745353934267,0.0,0.0,0.0,698493.4666327391
2608,2024-08-14,690774.0871294194,659764.7254746208,737477.5620727184,675262.2730318244,707009.7608593492,8028.573082357135,8028.573082357135,8028.573082357135,2554.746343689427,2554.746343689427,2554.746343689427,5473.826738667708,5473.826738667708,5473.826738667708,0.0,0.0,0.0,698802.6602117766
2609,2024-08-15,690913.5192033935,658319.985928324,739198.5465625916,675168.4658108578,707314.0184461428,7799.254250917554,7799.254250917554,7799.254250917554,2446.734926844871,2446.734926844871,2446.734926844871,5352.519324072683,5352.519324072683,5352.519324072683,0.0,0.0,0.0,698712.7734543111
2610,2024-08-16,691052.9512773677,660347.1822040522,740660.1988119103,675061.2311643312,707594.7591783099,8317.851318542214,8317.851318542214,8317.851318542214,3073.4552794042365,3073.4552794042365,3073.4552794042365,5244.396039137979,5244.396039137979,5244.396039137979,0.0,0.0,0.0,699370.8025959099
2611,2024-08-17,691192.3833513417,650989.4637157322,728845.3343191613,674947.8734932336,707869.5426505462,-1130.467622334723,-1130.467622334723,-1130.467622334723,-6281.97204618298,-6281.97204618298,-6281.97204618298,5151.504423848258,5151.504423848258,5151.504423848258,0.0,0.0,0.0,690061.915729007
2612,2024-08-18,691331.8154253158,648484.3081554598,730594.1769207084,674845.8878378061,708132.058641081,-1206.6507423715695,-1206.6507423715695,-1206.6507423715695,-6281.966188139402,-6281.966188139402,-6281.966188139402,5075.315445767835,5075.315445767835,5075.315445767835,0.0,0.0,0.0,690125.1646829442
2613,2024-08-19,691471.2474992898,658425.8316638363,741914.664635127,674757.3262760005,708457.3211032153,7252.622855658761,7252.622855658761,7252.622855658761,2235.9354610212113,2235.9354610212113,2235.9354610212113,5016.687394637548,5016.687394637548,5016.687394637548,0.0,0.0,0.0,698723.8703549486
2614,2024-08-20,691610.6795732639,659952.4742293423,740534.909520907,674668.7647141947,708801.9535588971,7228.911787194667,7228.911787194667,7228.911787194667,2253.0662233616895,2253.0662233616895,2253.0662233616895,4975.845563832976,4975.845563832976,4975.845563832976,0.0,0.0,0.0,698839.5913604585
2615,2024-08-21,691750.111647238,655603.1482634977,738238.0556211519,674542.083138427,709277.7950525866,7507.124375931219,7507.124375931219,7507.124375931219,2554.746343689813,2554.746343689813,2554.746343689813,4952.378032241406,4952.378032241406,4952.378032241406,0.0,0.0,0.0,699257.2360231692
2616,2024-08-22,691889.5437212121,656312.6358846524,741760.0545988103,674487.3512147933,710120.0339210216,7391.9823905926105,7391.9823905926105,7391.9823905926105,2446.734926836923,2446.734926836923,2446.734926836923,4945.247463755687,4945.247463755687,4945.247463755687,0.0,0.0,0.0,699281.5261118046
2617,2024-08-23,692028.9757951861,660837.1651645579,740994.5397564189,674401.3670801825,710503.0900907954,8026.273733416514,8026.273733416514,8026.273733416514,3073.4552793980924,3073.4552793980924,3073.4552793980924,4952.818454018424,4952.818454018424,4952.818454018424,0.0,0.0,0.0,700055.2495286027
2618,2024-08-24,692168.4078691602,650105.8727676483,734354.535728182,674284.8772085932,710804.5083676942,-1309.072461628004,-1309.072461628004,-1309.072461628004,-6281.972046177054,-6281.972046177054,-6281.972046177054,4972.899584549051,4972.899584549051,4972.899584549051,0.0,0.0,0.0,690859.3354075322
2619,2024-08-25,692307.8399431342,650213.1085055267,728366.0124265698,674179.4490042845,711105.9266445932,-1279.1671863356348,-1279.1671863356348,-1279.1671863356348,-6281.96618812792,-6281.96618812792,-6281.96618812792,5002.799001792285,5002.799001792285,5002.799001792285,0.0,0.0,0.0,691028.6727567986
2620,2024-08-26,692447.2720171083,653884.4480728891,740483.2906870976,674074.0207999758,711407.344921492,7275.327491757035,7275.327491757035,7275.327491757035,2235.935461019796,2235.935461019796,2235.935461019796,5039.39203073724,5039.39203073724,5039.39203073724,0.0,0.0,0.0,699722.5995088653
2621,2024-08-27,692586.7040910824,660268.176985341,740226.1121843674,673977.065860399,711708.7631983911,7332.265289925982,7332.265289925982,7332.265289925982,2253.0662233679936,2253.0662233679936,2253.0662233679936,5079.199066557988,5079.199066557988,5079.199066557988,0.0,0.0,0.0,699918.9693810084
2622,2024-08-28,692726.1361650565,660981.1506827319,741093.8891677691,673888.4070983698,712010.1814752899,7673.21811243819,7673.21811243819,7673.21811243819,2554.7463436890134,2554.7463436890134,2554.7463436890134,5118.471768749176,5118.471768749176,5118.471768749176,0.0,0.0,0.0,700399.3542774947
2623,2024-08-29,692865.5682390305,661604.553262365,740111.9736169325,673799.7483363404,712303.9095155332,7600.020341840604,7600.020341840604,7600.020341840604,2446.7349268394987,2446.7349268394987,2446.7349268394987,5153.2854150011035,5153.2854150011035,5153.2854150011035,0.0,0.0,0.0,700465.5885808711
2624,2024-08-30,693005.0003130046,658546.1928368649,745953.0857230433,673739.8656128548,712596.4498288807,8253.090438888466,8253.090438888466,8253.090438888466,3073.4552793919474,3073.4552793919474,3073.4552793919474,5179.635159496519,5179.635159496519,5179.635159496519,0.0,0.0,0.0,701258.0907518931
2625,2024-08-31,693144.4323869786,652421.0587966612,733961.3525493956,673725.894377545,712888.990142228,-1088.4381621298892,-1088.4381621298892,-1088.4381621298892,-6281.972046188543,-6281.972046188543,-6281.972046188543,5193.533884058654,5193.533884058654,5193.533884058654,0.0,0.0,0.0,692055.9942248488
2626,2024-09-01,693283.8644609528,650220.8555343964,733230.3770045048,673718.4513124779,713181.5304555753,-1090.8568573835319,-1090.8568573835319,-1090.8568573835319,-6281.966188125668,-6281.966188125668,-6281.966188125668,5191.109330742139,5191.109330742139,5191.109330742139,0.0,0.0,0.0,692193.0076035693
2627,2024-09-02,693423.2965349269,660702.8500705261,740908.0370150217,673687.8580267658,713474.0707689228,7404.633720856435,7404.633720856435,7404.633720856435,2235.935461018381,2235.935461018381,2235.935461018381,5168.698259838054,5168.698259838054,5168.698259838054,0.0,0.0,0.0,700827.9302557833
2628,2024-09-03,693562.7286089009,658705.8705387455,742907.2339407603,673459.7792851828,713766.6110822699,7376.001708648864,7376.001708648864,7376.001708648864,2253.0662233651865,2253.0662233651865,2253.0662233651865,5122.935485283677,5122.935485283677,5122.935485283677,0.0,0.0,0.0,700938.7303175498
2629,2024-09-04,693702.160682875,658277.9396481338,742225.3283521632,673205.2571504227,714059.1513956173,7605.582139947592,7605.582139947592,7605.582139947592,2554.746343690587,2554.746343690587,2554.746343690587,5050.835796257004,5050.835796257004,5050.835796257004,0.0,0.0,0.0,701307.7428228225
2630,2024-09-05,693841.592756849,657544.215639086,741449.2050798673,673115.9304846246,714351.6917089644,7396.601901301128,7396.601901301128,7396.601901301128,2446.7349268420753,2446.7349268420753,2446.7349268420753,4949.866974459053,4949.866974459053,4949.866974459053,0.0,0.0,0.0,701238.1946581502
2631,2024-09-06,693981.0248308232,657194.7269455428,744680.5054204632,673030.934893481,714859.3028647853,7891.467634699095,7891.467634699095,7891.467634699095,3073.4552793922576,3073.4552793922576,3073.4552793922576,4818.012355306837,4818.012355306837,4818.012355306837,0.0,0.0,0.0,701872.4924655223
2632,2024-09-07,694120.4569047972,650258.123429194,731256.7012030359,673006.595209185,715235.8559029629,-1628.1503948547731,-1628.1503948547731,-1628.1503948547731,-6281.97204616509,-6281.97204616509,-6281.97204616509,4653.821651310318,4653.821651310318,4653.821651310318,0.0,0.0,0.0,692492.3065099425
2633,2024-09-08,694259.8889787713,648319.589383297,735282.3812967713,672939.5945437993,715800.6659278157,-1825.5171380717827,-1825.5171380717827,-1825.5171380717827,-6281.966188147387,-6281.966188147387,-6281.966188147387,4456.449050075605,4456.449050075605,4456.449050075605,0.0,0.0,0.0,692434.3718406995
2634,2024-09-09,694399.3210527453,658595.9284151411,742603.2212512076,672932.8478137032,716179.8995789507,6461.613370949246,6461.613370949246,6461.613370949246,2235.935461024899,2235.935461024899,2235.935461024899,4225.677909924347,4225.677909924347,4225.677909924347,0.0,0.0,0.0,700860.9344236946
2635,2024-09-10,694538.7531267194,658305.7640987912,743559.0359477908,672960.1933473209,716364.240111813,6214.9979186603405,6214.9979186603405,6214.9979186603405,2253.0662233623802,2253.0662233623802,2253.0662233623802,3961.9316952979602,3961.9316952979602,3961.9316952979602,0.0,0.0,0.0,700753.7510453797
2636,2024-09-11,694678.1852006934,660457.4686930985,741037.7912491753,672934.2229304478,716752.5357261428,6221.017457631494,6221.017457631494,6221.017457631494,2554.7463436897874,2554.7463436897874,2554.7463436897874,3666.2711139417065,3666.2711139417065,3666.2711139417065,0.0,0.0,0.0,700899.202658325
2637,2024-09-12,694817.6172746676,656544.3785582813,742779.7638829375,672918.5730011626,717270.0782543159,5787.112657649564,5787.112657649564,5787.112657649564,2446.7349268341272,2446.7349268341272,2446.7349268341272,3340.377730815437,3340.377730815437,3340.377730815437,0.0,0.0,0.0,700604.7299323172
2638,2024-09-13,694957.0493486417,654374.574826558,745576.0176772787,672893.5700532261,717590.7641680284,6059.979911794752,6059.979911794752,6059.979911794752,3073.4552793925677,3073.4552793925677,3073.4552793925677,2986.5246324021837,2986.5246324021837,2986.5246324021837,0.0,0.0,0.0,701017.0292604364
2639,2024-09-14,695096.4814226157,648041.6041320707,735596.2616621327,672868.5671052894,718091.0111653255,-3674.4370532118446,-3674.4370532118446,-3674.4370532118446,-6281.972046167872,-6281.972046167872,-6281.972046167872,2607.5349929560275,2607.5349929560275,2607.5349929560275,0.0,0.0,0.0,691422.0443694039
2640,2024-09-15,695235.9134965898,647691.923808379,733355.0982184809,672591.0896930441,718329.0138110929,-4075.236542983792,-4075.236542983792,-4075.236542983792,-6281.966188154373,-6281.966188154373,-6281.966188154373,2206.729645170582,2206.729645170582,2206.729645170582,0.0,0.0,0.0,691160.676953606
2641,2024-09-16,695375.3455705638,657587.3190279764,741756.4749814832,672435.8542259391,718495.2839774821,4023.8004377037564,4023.8004377037564,4023.8004377037564,2235.935461031418,2235.935461031418,2235.935461031418,1787.8649766723388,1787.8649766723388,1787.8649766723388,0.0,0.0,0.0,699399.1460082675
2642,2024-09-17,695514.777644538,652579.0660605431,742091.5376096346,672377.8769896093,718734.0876345737,3608.1288797749567,3608.1288797749567,3608.1288797749567,2253.0662233646362,2253.0662233646362,2253.0662233646362,1355.0626564103202,1355.0626564103202,1355.0626564103202,0.0,0.0,0.0,699122.9065243129
2643,2024-09-18,695654.209718512,654087.2164979696,745785.9937610227,672394.0537584128,719025.587473721,3467.4791818752383,3467.4791818752383,3467.4791818752383,2554.746343689532,2554.746343689532,2554.746343689532,912.7328381857068,912.7328381857068,912.7328381857068,0.0,0.0,0.0,699121.6889003873
2644,2024-09-19,695793.6417924861,654797.9429111519,743635.0783264962,672410.2305272165,719516.1371946821,2912.227516938588,2912.227516938588,2912.227516938588,2446.7349268337803,2446.7349268337803,2446.7349268337803,465.4925901048079,465.4925901048079,465.4925901048079,0.0,0.0,0.0,698705.8693094247
2645,2024-09-20,695933.0738664601,654855.6628393966,742595.5088649213,672426.4072960201,720006.686915643,3091.536637054063,3091.536637054063,3091.536637054063,3073.455279386423,3073.455279386423,3073.455279386423,18.08135766763993,18.08135766763993,18.08135766763993,0.0,0.0,0.0,699024.6105035142
2646,2024-09-21,696072.5059404342,641056.8353658972,736040.957745871,672442.5840648236,720395.928597748,-6706.696761823247,-6706.696761823247,-6706.696761823247,-6281.972046170653,-6281.972046170653,-6281.972046170653,-424.7247156525933,-424.7247156525933,-424.7247156525933,0.0,0.0,0.0,689365.8091786109
2647,2024-09-22,696211.9380144082,644352.2201897027,734002.3400702076,672207.8632850114,720697.0368700125,-7140.164000100334,-7140.164000100334,-7140.164000100334,-6281.966188142888,-6281.966188142888,-6281.966188142888,-858.1978119574457,-858.1978119574457,-858.1978119574457,0.0,0.0,0.0,689071.7740143079
2648,2024-09-23,696351.3700883824,652060.7952076514,744179.1764773419,671951.0869751468,720998.1451422769,958.1943876622248,958.1943876622248,958.1943876622248,2235.9354610119826,2235.9354610119826,2235.9354610119826,-1277.7410733497577,-1277.7410733497577,-1277.7410733497577,0.0,0.0,0.0,697309.5644760446
2649,2024-09-24,696490.8021623564,653212.4670139003,741997.1469690308,671928.0922353608,721299.2534145415,574.0990074568257,574.0990074568257,574.0990074568257,2253.066223366892,2253.066223366892,2253.066223366892,-1678.9672159100662,-1678.9672159100662,-1678.9672159100662,0.0,0.0,0.0,697064.9011698132
2650,2024-09-25,696630.2342363305,648322.1513911147,740248.3028527902,671919.7752562851,721624.8993876041,496.97471670258136,496.97471670258136,496.97471670258136,2554.7463436899184,2554.7463436899184,2554.7463436899184,-2057.771626987337,-2057.771626987337,-2057.771626987337,0.0,0.0,0.0,697127.2089530331
2651,2024-09-26,696769.6663103045,653585.4706598262,741590.6819856027,671924.4812250227,722158.6096120449,36.33631341353232,36.33631341353232,36.33631341353232,2446.7349268392804,2446.7349268392804,2446.7349268392804,-2410.398613425748,-2410.398613425748,-2410.398613425748,0.0,0.0,0.0,696806.0026237181
2652,2024-09-27,696909.0983842786,651693.5198265485,742999.9923193348,671820.0269406923,722648.574136694,339.9556232076383,339.9556232076383,339.9556232076383,3073.455279380279,3073.455279380279,3073.455279380279,-2733.49965617264,-2733.49965617264,-2733.49965617264,0.0,0.0,0.0,697249.0540074862
2653,2024-09-28,697048.5304582528,641725.126228162,733581.9860210611,671785.9927517815,723115.7697504249,-9306.154779529752,-9306.154779529752,-9306.154779529752,-6281.972046182142,-6281.972046182142,-6281.972046182142,-3024.1827333476103,-3024.1827333476103,-3024.1827333476103,0.0,0.0,0.0,687742.375678723
2654,2024-09-29,697187.9625322268,645658.3306082798,734153.6677451677,671764.8409480639,723581.1557620349,-9562.018181811363,-9562.018181811363,-9562.018181811363,-6281.966188140639,-6281.966188140639,-6281.966188140639,-3280.0519936707237,-3280.0519936707237,-3280.0519936707237,0.0,0.0,0.0,687625.9443504155
2655,2024-09-30,697327.3946062009,651435.0267688419,741595.8562682378,671443.6404102825,724170.0478883,-1263.3018287479294,-1263.3018287479294,-1263.3018287479294,2235.935461010567,2235.935461010567,2235.935461010567,-3499.2372897584964,-3499.2372897584964,-3499.2372897584964,0.0,0.0,0.0,696064.0927774529
2656,2024-10-01,697466.8266801749,650220.3511797301,738049.8054129594,671453.5089921443,724613.1881746677,-1427.347087155728,-1427.347087155728,-1427.347087155728,2253.066223364086,2253.066223364086,2253.066223364086,-3680.413310519814,-3680.413310519814,-3680.413310519814,0.0,0.0,0.0,696039.4795930192
2657,2024-10-02,697606.258754149,646691.9741525697,742572.814518493,671437.190798735,724984.5522053483,-1268.0619348696189,-1268.0619348696189,-1268.0619348696189,2554.746343690306,2554.746343690306,2554.746343690306,-3822.8082785599245,-3822.8082785599245,-3822.8082785599245,0.0,0.0,0.0,696338.1968192793
2658,2024-10-03,697745.6908281231,647911.1955060773,739928.4003083496,671036.6265660508,725396.715134207,-1479.4674700654616,-1479.4674700654616,-1479.4674700654616,2446.734926838933,2446.734926838933,2446.734926838933,-3926.2023969043944,-3926.2023969043944,-3926.2023969043944,0.0,0.0,0.0,696266.2233580577
2659,2024-10-04,697885.1229020972,650316.4403630691,744618.5651962442,670715.2311840989,725641.1228709322,-917.4611556328877,-917.4611556328877,-917.4611556328877,3073.4552793998823,3073.4552793998823,3073.4552793998823,-3990.9164350327696,-3990.9164350327696,-3990.9164350327696,0.0,0.0,0.0,696967.6617464643
2660,2024-10-05,698024.5549760712,642345.3724524598,733695.2622932277,670624.3608320564,725861.8125385214,-10299.763079161205,-10299.763079161205,-10299.763079161205,-6281.972046193629,-6281.972046193629,-6281.972046193629,-4017.7910329675747,-4017.7910329675747,-4017.7910329675747,0.0,0.0,0.0,687724.79189691
2661,2024-10-06,698163.9870500453,635971.4783337158,735574.0989899024,670560.3770822647,726104.9431581241,-10290.123658610702,-10290.123658610702,-10290.123658610702,-6281.966188129154,-6281.966188129154,-6281.966188129154,-4008.157470481547,-4008.157470481547,-4008.157470481547,0.0,0.0,0.0,687873.8633914345
2662,2024-10-07,698303.4191240193,649097.5340459676,742606.2494834198,670508.5414426216,726502.2073111839,-1727.8653325210541,-1727.8653325210541,-1727.8653325210541,2235.93546102502,2235.93546102502,2235.93546102502,-3963.800793546074,-3963.800793546074,-3963.800793546074,0.0,0.0,0.0,696575.5537914983
2663,2024-10-08,698442.8511979934,648293.7883045492,743525.2031909453,670456.7058029785,726899.4714642438,-1633.8500863001786,-1633.8500863001786,-1633.8500863001786,2253.0662233612793,2253.0662233612793,2253.0662233612793,-3886.9163096614584,-3886.9163096614584,-3886.9163096614584,0.0,0.0,0.0,696809.0011116932
2664,2024-10-09,698582.2832719675,649720.001412497,743607.6998793534,670404.8701633355,727260.3963711798,-1225.3142126009236,-1225.3142126009236,-1225.3142126009236,2554.746343690049,2554.746343690049,2554.746343690049,-3780.0605562909727,-3780.0605562909727,-3780.0605562909727,0.0,0.0,0.0,697356.9690593666
2665,2024-10-10,698721.7153459416,650610.2976860738,747673.5445078233,670353.0345236923,727598.9621957084,-1199.3629845959526,-1199.3629845959526,-1199.3629845959526,2446.7349268415096,2446.7349268415096,2446.7349268415096,-3646.0979114374622,-3646.0979114374622,-3646.0979114374622,0.0,0.0,0.0,697522.3523613457
2666,2024-10-11,698861.1474199157,652940.512055108,744275.7769764902,670301.1988840491,727937.5280202366,-414.68877292096766,-414.68877292096766,-414.68877292096766,3073.4552794001925,3073.4552794001925,3073.4552794001925,-3488.144052321161,-3488.144052321161,-3488.144052321161,0.0,0.0,0.0,698446.4586469947
2667,2024-10-12,699000.5794938897,641974.1085637338,736644.5536971146,670153.573406687,728274.9179354275,-9591.479523942084,-9591.479523942084,-9591.479523942084,-6281.972046161471,-6281.972046161471,-6281.972046161471,-3309.5074777806144,-3309.5074777806144,-3309.5074777806144,0.0,0.0,0.0,689409.0999699476
2668,2024-10-13,699140.0115678638,642320.5472071985,739442.9245998452,669916.5250181824,728601.9776069797,-9395.596481624323,-9395.596481624323,-9395.596481624323,-6281.966188126905,-6281.966188126905,-6281.966188126905,-3113.6302934974183,-3113.6302934974183,-3113.6302934974183,0.0,0.0,0.0,689744.4150862395
2669,2024-10-14,699279.4436418379,650802.450089909,749191.1561969703,669754.7259597359,728799.7861852892,-668.093957176647,-668.093957176647,-668.093957176647,2235.935461023604,2235.935461023604,2235.935461023604,-2904.0294182002517,-2904.0294182002517,-2904.0294182002517,0.0,0.0,0.0,698611.3496846613
2670,2024-10-15,699418.875715812,652479.1134617329,746829.6370718012,669643.2764133755,728943.8456376683,-431.17308238440233,-431.17308238440233,-431.17308238440233,2253.0662233675826,2253.0662233675826,2253.0662233675826,-2684.239305751985,-2684.239305751985,-2684.239305751985,0.0,0.0,0.0,698987.7026334276
2671,2024-10-16,699558.307789786,652046.2427626816,746012.5656184076,669531.826867015,729365.2666236138,96.98914866132107,96.98914866132107,96.98914866132107,2554.746343690436,2554.746343690436,2554.746343690436,-2457.757195029115,-2457.757195029115,-2457.757195029115,0.0,0.0,0.0,699655.2969384474
2672,2024-10-17,699697.7398637601,653946.1155854035,749933.1597733677,669420.3773206546,729910.2162931889,218.74312715240643,218.74312715240643,218.74312715240643,2446.7349268411626,2446.7349268411626,2446.7349268411626,-2227.991799688756,-2227.991799688756,-2227.991799688756,0.0,0.0,0.0,699916.4829909125
2673,2024-10-18,699837.1719377341,647786.0425266349,746338.0707997525,669161.348175738,730237.2759647412,1075.2390431683207,1075.2390431683207,1075.2390431683207,3073.4552793875932,3073.4552793875932,3073.4552793875932,-1998.2162362192726,-1998.2162362192726,-1998.2162362192726,0.0,0.0,0.0,700912.4109809025
2674,2024-10-19,699976.6040117082,641329.3189741668,737595.6721960704,668693.4610784617,730574.9604424139,-8053.497910572777,-8053.497910572777,-8053.497910572777,-6281.972046155544,-6281.972046155544,-6281.972046155544,-1771.525864417232,-1771.525864417232,-1771.525864417232,0.0,0.0,0.0,691923.1061011354
2675,2024-10-20,700116.0360856823,643467.568443477,740532.5245309114,668310.9557707717,730916.2103594854,-7832.767770949761,-7832.767770949761,-7832.767770949761,-6281.966188148624,-6281.966188148624,-6281.966188148624,-1550.8015828011364,-1550.8015828011364,-1550.8015828011364,0.0,0.0,0.0,692283.2683147326
2676,2024-10-21,700255.4681596564,653262.4297447024,750663.5677701384,668205.1939469599,731257.4602765567,897.2564753621696,897.2564753621696,897.2564753621696,2235.935461030123,2235.935461030123,2235.935461030123,-1338.6789856679536,-1338.6789856679536,-1338.6789856679536,0.0,0.0,0.0,701152.7246350185
2677,2024-10-22,700394.9002336304,654010.1096597064,749802.5888632549,668123.0752969073,731598.710193628,1115.5425717310345,1115.5425717310345,1115.5425717310345,2253.0662233647763,2253.0662233647763,2253.0662233647763,-1137.5236516337418,-1137.5236516337418,-1137.5236516337418,0.0,0.0,0.0,701510.4428053615
2678,2024-10-23,700534.3323076045,651594.4397004241,751757.7837296937,668040.9566468546,731936.1492246189,1605.333645231662,1605.333645231662,1605.333645231662,2554.7463436896355,2554.7463436896355,2554.7463436896355,-949.4126984579736,-949.4126984579736,-949.4126984579736,0.0,0.0,0.0,702139.6659528362
2679,2024-10-24,700673.7643815785,649522.436934578,753592.1703218477,667883.5548135029,732265.0979618718,1670.6123183631105,1670.6123183631105,1670.6123183631105,2446.7349268437397,2446.7349268437397,2446.7349268437397,-776.1226084806283,-776.1226084806283,-776.1226084806283,0.0,0.0,0.0,702344.3766999417
2680,2024-10-25,700813.1964555527,652492.2097180918,753545.5744572608,667856.9978149101,732594.0466991246,2454.332073997179,2454.332073997179,2454.332073997179,3073.4552793879043,3073.4552793879043,3073.4552793879043,-619.1232053907252,-619.1232053907252,-619.1232053907252,0.0,0.0,0.0,703267.5285295498
2681,2024-10-26,700952.6285295268,644223.6379151641,741004.4131558347,667766.3927608428,732922.9954363776,-6761.549594718292,-6761.549594718292,-6761.549594718292,-6281.972046167033,-6281.972046167033,-6281.972046167033,-479.5775485512592,-479.5775485512592,-479.5775485512592,0.0,0.0,0.0,694191.0789348085
2682,2024-10-27,701092.0606035008,646447.5606336802,749012.2384314131,667675.7877067755,733251.94211876,-6640.3135954446125,-6640.3135954446125,-6640.3135954446125,-6281.9661881463735,-6281.9661881463735,-6281.9661881463735,-358.34740729823903,-358.34740729823903,-358.34740729823903,0.0,0.0,0.0,694451.7470080561
2683,2024-10-28,701231.4926774749,651703.6603515262,754887.257245914,667415.9340335767,733579.3351568739,1979.9315749328393,1979.9315749328393,1979.9315749328393,2235.935461028708,2235.935461028708,2235.935461028708,-256.0038860958686,-256.0038860958686,-256.0038860958686,0.0,0.0,0.0,703211.4242524077
2684,2024-10-29,701370.9247514489,652445.3830711903,754951.9347150866,666938.0080455736,733906.7281949876,2080.2235302731738,2080.2235302731738,2080.2235302731738,2253.0662233619696,2253.0662233619696,2253.0662233619696,-172.84269308879672,-172.84269308879672,-172.84269308879672,0.0,0.0,0.0,703451.1482817221
2685,2024-10-30,701510.3568254231,653858.1195373336,754421.1349925904,666460.0820575706,734234.1212331017,2445.842863457102,2445.842863457102,2445.842863457102,2554.7463436912094,2554.7463436912094,2554.7463436912094,-108.9034802341074,-108.9034802341074,-108.9034802341074,0.0,0.0,0.0,703956.1996888801
2686,2024-10-31,701649.788899397,653144.9717778772,755308.2293872092,666142.0391892348,734628.9527511413,2382.742293654662,2382.742293654662,2382.742293654662,2446.7349268357916,2446.7349268357916,2446.7349268357916,-63.99263318112955,-63.99263318112955,-63.99263318112955,0.0,0.0,0.0,704032.5311930517
2687,2024-11-01,701789.2209733712,653225.6806191504,756679.242975074,665878.2321408222,734888.9073093294,3035.7464259151398,3035.7464259151398,3035.7464259151398,3073.4552793817593,3073.4552793817593,3073.4552793817593,-37.708853466619715,-37.708853466619715,-37.708853466619715,0.0,0.0,0.0,704824.9673992863
2688,2024-11-02,701928.6530473451,644940.9151990326,746144.4716677656,665665.1813910347,735216.3003474431,-6311.442900373597,-6311.442900373597,-6311.442900373597,-6281.97204617852,-6281.97204617852,-6281.97204617852,-29.470854195076917,-29.470854195076917,-29.470854195076917,0.0,0.0,0.0,695617.2101469715
2689,2024-11-03,702068.0851213193,644877.661339054,745843.6629549819,665470.7210166063,735543.693385557,-6320.512670910831,-6320.512670910831,-6320.512670910831,-6281.966188134889,-6281.966188134889,-6281.966188134889,-38.54648277594084,-38.54648277594084,-38.54648277594084,0.0,0.0,0.0,695747.5724504085
2690,2024-11-04,702207.5171952932,652687.5464247984,756433.7632766701,665208.6974468067,735881.4398039584,2171.852871292067,2171.852871292067,2171.852871292067,2235.9354610352266,2235.9354610352266,2235.9354610352266,-64.0825897431597,-64.0825897431597,-64.0825897431597,0.0,0.0,0.0,704379.3700665853
2691,2024-11-05,702346.9492692674,650056.9189314955,761504.9029744976,665071.3470473177,736350.2113598492,2147.931242955521,2147.931242955521,2147.931242955521,2253.066223373334,2253.066223373334,2253.066223373334,-105.1349804178128,-105.1349804178128,-105.1349804178128,0.0,0.0,0.0,704494.8805122229
2692,2024-11-06,702486.3813432415,651844.4896517813,757568.6762888933,664901.0486258965,736657.2685837224,2394.048528526644,2394.048528526644,2394.048528526644,2554.7463436904095,2554.7463436904095,2554.7463436904095,-160.6978151637659,-160.6978151637659,-160.6978151637659,0.0,0.0,0.0,704880.4298717682
2693,2024-11-07,702625.8134172155,652808.0757707476,757253.1793363068,664734.8045089189,736964.3258075954,2217.003063687837,2217.003063687837,2217.003063687837,2446.7349268383673,2446.7349268383673,2446.7349268383673,-229.73186315053073,-229.73186315053073,-229.73186315053073,0.0,0.0,0.0,704842.8164809033
2694,2024-11-08,702765.2454911896,653293.7859926269,756148.3446513952,664806.8905526494,737271.3830314684,2762.2642167059507,2762.2642167059507,2762.2642167059507,3073.455279401363,3073.455279401363,3073.455279401363,-311.19106269541203,-311.19106269541203,-311.19106269541203,0.0,0.0,0.0,705527.5097078956
2695,2024-11-09,702904.6775651636,643358.0348643907,749017.3083323216,664723.2304710718,737578.4402553415,-6686.01894336389,-6686.01894336389,-6686.01894336389,-6281.972046181303,-6281.972046181303,-6281.972046181303,-404.04689718258686,-404.04689718258686,-404.04689718258686,0.0,0.0,0.0,696218.6586217997
2696,2024-11-10,703044.1096391378,644598.7249492487,745923.5664211398,664639.5703894944,737885.4974792146,-6789.276346184618,-6789.276346184618,-6789.276346184618,-6281.966188141873,-6281.966188141873,-6281.966188141873,-507.31015804274443,-507.31015804274443,-507.31015804274443,0.0,0.0,0.0,696254.8332929531
2697,2024-11-11,703183.5417131119,653767.8503905741,758024.9733974822,664555.9103079169,738194.5377382291,1615.885727010561,1615.885727010561,1615.885727010561,2235.935461015791,2235.935461015791,2235.935461015791,-620.0497340052302,-620.0497340052302,-620.0497340052302,0.0,0.0,0.0,704799.4274401225
2698,2024-11-12,703322.9737870859,652810.9322420543,757060.7394116635,664171.9961150093,738522.1131279848,1511.6580857141487,1511.6580857141487,1511.6580857141487,2253.066223365466,2253.066223365466,2253.066223365466,-741.4081376513171,-741.4081376513171,-741.4081376513171,0.0,0.0,0.0,704834.6318728
2699,2024-11-13,703462.40586106,655849.7209680781,756730.1622447388,663931.6618744544,738876.8850947545,1684.1327887637433,1684.1327887637433,1684.1327887637433,2554.7463436896105,2554.7463436896105,2554.7463436896105,-870.6135549258672,-870.6135549258672,-870.6135549258672,0.0,0.0,0.0,705146.5386498237
2700,2024-11-14,703601.837935034,654591.9675937217,756074.1577382423,663824.3812855933,739357.2725113918,1439.7466472663232,1439.7466472663232,1439.7466472663232,2446.734926838021,2446.734926838021,2446.734926838021,-1006.9882795716975,-1006.9882795716975,-1006.9882795716975,0.0,0.0,0.0,705041.5845823003
2701,2024-11-15,703741.2700090081,652048.15602525,755905.9749655039,663742.4316181507,740118.3882446303,1923.5018081040273,1923.5018081040273,1923.5018081040273,3073.455279395218,3073.455279395218,3073.455279395218,-1149.9534712911905,-1149.9534712911905,-1149.9534712911905,0.0,0.0,0.0,705664.7718171121
2702,2024-11-16,703880.7020829823,640054.5508897407,748386.2708921459,663679.3997931693,740690.6096688459,-7581.002298840543,-7581.002298840543,-7581.002298840543,-6281.9720461665565,-6281.9720461665565,-6281.9720461665565,-1299.0302526739854,-1299.0302526739854,-1299.0302526739854,0.0,0.0,0.0,696299.6997841417
2703,2024-11-17,704020.1341569562,643374.1732164024,746130.5858488352,663616.367968188,741017.5598180207,-7735.8034227262415,-7735.8034227262415,-7735.8034227262415,-6281.96618813039,-6281.96618813039,-6281.96618813039,-1453.83723459585,-1453.83723459585,-1453.83723459585,0.0,0.0,0.0,696284.33073423
2704,2024-11-18,704159.5662309304,651311.0020917687,758728.8039173753,663543.3626947481,741318.1091895277,621.8508292797568,621.8508292797568,621.8508292797568,2235.9354610223095,2235.9354610223095,2235.9354610223095,-1614.084631742553,-1614.084631742553,-1614.084631742553,0.0,0.0,0.0,704781.4170602101
2705,2024-11-19,704298.9983049043,649711.9152068691,758067.9738405041,663419.0654064089,741611.4099511701,473.5010250529484,473.5010250529484,473.5010250529484,2253.0662233677217,2253.0662233677217,2253.0662233677217,-1779.5651983147739,-1779.5651983147739,-1779.5651983147739,0.0,0.0,0.0,704772.4993299573
2706,2024-11-20,704438.4303788785,654568.0881703984,759213.7365953379,663201.906195238,742035.5724899714,604.6040659663245,604.6040659663245,604.6040659663245,2554.746343689998,2554.746343689998,2554.746343689998,-1950.1422777236733,-1950.1422777236733,-1950.1422777236733,0.0,0.0,0.0,705043.0344448448
2707,2024-11-21,704577.8624528527,650316.8035022242,759354.1788998073,663031.2511986552,742508.7739098474,320.9996083948417,320.9996083948417,320.9996083948417,2446.734926843521,2446.734926843521,2446.734926843521,-2125.735318448679,-2125.735318448679,-2125.735318448679,0.0,0.0,0.0,704898.8620612475
2708,2024-11-22,704717.2945268267,652869.0472534464,757516.1045589192,662906.8453446621,742690.2526771629,767.1520191884746,767.1520191884746,767.1520191884746,3073.4552793890734,3073.4552793890734,3073.4552793890734,-2306.303260200599,-2306.303260200599,-2306.303260200599,0.0,0.0,0.0,705484.4465460152
2709,2024-11-23,704856.7266008008,639181.1968786224,756305.423647678,662776.6241979677,742776.8863871897,-8773.798285532479,-8773.798285532479,-8773.798285532479,-6281.972046160631,-6281.972046160631,-6281.972046160631,-2491.826239371848,-2491.826239371848,-2491.826239371848,0.0,0.0,0.0,696082.9283152682
2710,2024-11-24,704996.1586747748,644327.342200443,752324.4367259413,662366.1043584154,743068.2554961946,-8964.252287787871,-8964.252287787871,-8964.252287787871,-6281.966188118905,-6281.966188118905,-6281.966188118905,-2682.2860996689656,-2682.2860996689656,-2682.2860996689656,0.0,0.0,0.0,696031.906386987
2711,2024-11-25,705135.5907487489,648008.459919612,759205.8842052645,662120.7586585355,743359.6246051994,-641.7107610711729,-641.7107610711729,-641.7107610711729,2235.9354610288283,2235.9354610288283,2235.9354610288283,-2877.646222100001,-2877.646222100001,-2877.646222100001,0.0,0.0,0.0,704493.8799876777
2712,2024-11-26,705275.022822723,648308.6177134453,762766.9528416949,662059.7034129978,744008.7506044923,-824.7649841676921,-824.7649841676921,-824.7649841676921,2253.066223364916,2253.066223364916,2253.066223364916,-3077.831207532608,-3077.831207532608,-3077.831207532608,0.0,0.0,0.0,704450.2578385554
2713,2024-11-27,705414.4548966971,651497.8346377788,757931.0499085339,661998.6481674599,744449.5452883875,-727.9606105477714,-727.9606105477714,-727.9606105477714,2554.746343688555,2554.746343688555,2554.746343688555,-3282.7069542363265,-3282.7069542363265,-3282.7069542363265,0.0,0.0,0.0,704686.4942861493
2714,2024-11-28,705553.886970671,651987.4825896486,762592.6356872625,661937.5929219221,745224.7760833196,-1045.3267450164883,-1045.3267450164883,-1045.3267450164883,2446.7349268431735,2446.7349268431735,2446.7349268431735,-3492.061671859662,-3492.061671859662,-3492.061671859662,0.0,0.0,0.0,704508.5602256545
2715,2024-11-29,705693.3190446452,648497.5046694294,761855.3432235592,661704.7114615926,745819.9566519826,-632.1330823440056,-632.1330823440056,-632.1330823440056,3073.4552793829293,3073.4552793829293,3073.4552793829293,-3705.5883617269346,-3705.5883617269346,-3705.5883617269346,0.0,0.0,0.0,705061.1859623012
2716,2024-11-30,705832.7511186191,640234.0489521965,749173.6163628798,661449.5497288235,746201.1839205752,-10204.841317340888,-10204.841317340888,-10204.841317340888,-6281.97204617212,-6281.97204617212,-6281.97204617212,-3922.869271168769,-3922.869271168769,-3922.869271168769,0.0,0.0,0.0,695627.9098012783
2717,2024-12-01,705972.1831925933,640065.2396221915,752852.8839375024,661194.3879960545,746802.5442830671,-10425.328984816058,-10425.328984816058,-10425.328984816058,-6281.966188116655,-6281.966188116655,-6281.966188116655,-4143.3627966994045,-4143.3627966994045,-4143.3627966994045,0.0,0.0,0.0,695546.8542077772
2718,2024-12-02,706111.6152665674,646750.5367451675,761435.6619871125,660944.1833430511,747305.2797263275,-2130.4578065093306,-2130.4578065093306,-2130.4578065093306,2235.935461009393,2235.935461009393,2235.935461009393,-4366.393267518723,-4366.393267518723,-4366.393267518723,0.0,0.0,0.0,703981.1574600581
2719,2024-12-03,706251.0473405414,652412.9365809546,763417.4408176421,660699.0528007661,747687.2641656861,-2338.0777640965302,-2338.0777640965302,-2338.0777640965302,2253.06622336211,2253.06622336211,2253.06622336211,-4591.14398745864,-4591.14398745864,-4591.14398745864,0.0,0.0,0.0,703912.9695764448
2720,2024-12-04,706390.4794145155,640674.6188256632,755794.7984816057,660293.1695971105,748060.8480216229,-2261.907506917041,-2261.907506917041,-2261.907506917041,2554.7463436901285,2554.7463436901285,2554.7463436901285,-4816.653850607169,-4816.653850607169,-4816.653850607169,0.0,0.0,0.0,704128.5719075985
2721,2024-12-05,706529.9114884895,644496.7937752852,761026.717385924,659873.2571091023,748417.8851287831,-2595.0828476435204,-2595.0828476435204,-2595.0828476435204,2446.734926838149,2446.734926838149,2446.734926838149,-5041.817774481669,-5041.817774481669,-5041.817774481669,0.0,0.0,0.0,703934.828640846
2722,2024-12-06,706669.3435624636,646886.6251626373,763669.4546006355,659724.3108163264,748954.5524080525,-2191.9358362559283,-2191.9358362559283,-2191.9358362559283,3073.455279383239,3073.455279383239,3073.455279383239,-5265.391115639167,-5265.391115639167,-5265.391115639167,0.0,0.0,0.0,704477.4077262077
2723,2024-12-07,706808.7756364378,638891.3765412319,750963.5116572395,659575.3645235504,749493.1315813564,-11767.970193651478,-11767.970193651478,-11767.970193651478,-6281.9720461749,-6281.9720461749,-6281.9720461749,-5485.998147476577,-5485.998147476577,-5485.998147476577,0.0,0.0,0.0,695040.8054427863
2724,2024-12-08,706948.2077104117,633675.376712898,750658.2555977457,659383.5410694343,750031.7107546601,-11984.11077820966,-11984.11077820966,-11984.11077820966,-6281.966188129137,-6281.966188129137,-6281.966188129137,-5702.144590080525,-5702.144590080525,-5702.144590080525,0.0,0.0,0.0,694964.0969322021
2725,2024-12-09,707087.6397843859,646275.0338838273,760232.4632521371,658997.6403860025,750430.8706361059,-3676.2986280860855,-3676.2986280860855,-3676.2986280860855,2235.935461007977,2235.935461007977,2235.935461007977,-5912.234089094063,-5912.234089094063,-5912.234089094063,0.0,0.0,0.0,703411.3411562998
2726,2024-12-10,707227.0718583599,644786.866786829,762576.9251835451,658630.2997195765,751155.8621868324,-3861.5222231768344,-3861.5222231768344,-3861.5222231768344,2253.066223359304,2253.066223359304,2253.066223359304,-6114.588446536138,-6114.588446536138,-6114.588446536138,0.0,0.0,0.0,703365.5496351831
2727,2024-12-11,707366.5039323339,639588.7295871879,764320.6928191986,658384.0855273568,751773.1948879175,-3752.724969643291,-3752.724969643291,-3752.724969643291,2554.746343689328,2554.746343689328,2554.746343689328,-6307.4713133326195,-6307.4713133326195,-6307.4713133326195,0.0,0.0,0.0,703613.7789626906
2728,2024-12-12,707505.936006308,643317.011157242,763014.6394998796,658137.8713351373,752377.511096368,-4042.380036300436,-4042.380036300436,-4042.380036300436,2446.7349268378016,2446.7349268378016,2446.7349268378016,-6489.114963138238,-6489.114963138238,-6489.114963138238,0.0,0.0,0.0,703463.5559700076
2729,2024-12-13,707645.3680802821,637282.4504705747,759517.2861003937,657891.6571429179,752948.8598095019,-3584.294402566421,-3584.294402566421,-3584.294402566421,3073.4552794028427,3073.4552794028427,3073.4552794028427,-6657.749681969263,-6657.749681969263,-6657.749681969263,0.0,0.0,0.0,704061.0736777157
2730,2024-12-14,707784.8001542563,637309.8681604286,758004.8310588296,657674.0226833015,753511.5480911485,-13093.607276582197,-13093.607276582197,-13093.607276582197,-6281.972046177682,-6281.972046177682,-6281.972046177682,-6811.635230404519,-6811.635230404519,-6811.635230404519,0.0,0.0,0.0,694691.1928776741
2731,2024-12-15,707924.2322282302,628129.1578505585,755316.1079640733,657460.5883793283,754091.1525666715,-13231.059954901872,-13231.059954901872,-13231.059954901872,-6281.9661881361235,-6281.9661881361235,-6281.9661881361235,-6949.093766765748,-6949.093766765748,-6949.093766765748,0.0,0.0,0.0,694693.1722733283
2732,2024-12-16,708063.6643022043,642788.5817575325,760836.0601158673,657234.1230235852,754569.509938136,-4832.608101727033,-4832.608101727033,-4832.608101727033,2235.9354610224304,2235.9354610224304,2235.9354610224304,-7068.5435627494635,-7068.5435627494635,-7068.5435627494635,0.0,0.0,0.0,703231.0562004773
2733,2024-12-17,708203.0963761783,643397.6774341945,762309.0129486426,657037.0781731806,754882.9402629718,-4915.4665758763795,-4915.4665758763795,-4915.4665758763795,2253.0662233615594,2253.0662233615594,2253.0662233615594,-7168.532799237939,-7168.532799237939,-7168.532799237939,0.0,0.0,0.0,703287.629800302
2734,2024-12-18,708342.5284501525,644902.808891686,765789.5997833844,656856.6385389814,755179.7880119159,-4693.026357425228,-4693.026357425228,-4693.026357425228,2554.7463436897156,2554.7463436897156,2554.7463436897156,-7247.772701114943,-7247.772701114943,-7247.772701114943,0.0,0.0,0.0,703649.5020927272
2735,2024-12-19,708481.9605241267,639302.9756701275,763557.5747983175,656601.4768062124,755476.6357608599,-4858.434330331977,-4858.434330331977,-4858.434330331977,2446.734926837454,2446.734926837454,2446.734926837454,-7305.169257169432,-7305.169257169432,-7305.169257169432,0.0,0.0,0.0,703623.5261937947
2736,2024-12-20,708621.3925981006,640493.3105165064,762560.6749415082,656346.3150734435,755773.4835098039,-4266.39749605067,-4266.39749605067,-4266.39749605067,3073.455279403152,3073.455279403152,3073.455279403152,-7339.852775453822,-7339.852775453822,-7339.852775453822,0.0,0.0,0.0,704354.9951020499
2737,2024-12-21,708760.8246720746,634237.1367481383,755223.2441028237,656050.197818715,756070.3312587478,-13633.176592724883,-13633.176592724883,-13633.176592724883,-6281.972046180462,-6281.972046180462,-6281.972046180462,-7351.204546544418,-7351.204546544418,-7351.204546544418,0.0,0.0,0.0,695127.6480793498
2738,2024-12-22,708900.2567460487,631522.0017547382,754490.5152751855,655785.2787726962,756367.377694189,-13620.84611516647,-13620.84611516647,-13620.84611516647,-6281.966188133873,-6281.966188133873,-6281.966188133873,-7338.879927032594,-7338.879927032594,-7338.879927032594,0.0,0.0,0.0,695279.4106308823
2739,2024-12-23,709039.6888200229,640571.9856479203,764918.0201281342,655520.3597266773,756740.7383789464,-5066.891752101904,-5066.891752101904,-5066.891752101904,2235.935461021015,2235.935461021015,2235.935461021015,-7302.8272131229205,-7302.8272131229205,-7302.8272131229205,0.0,0.0,0.0,703972.7970679209
2740,2024-12-24,709179.120893997,643465.5196854735,764879.0217629396,655255.4406806586,757114.0990637041,-4990.235525230867,-4990.235525230867,-4990.235525230867,2253.0662233678618,2253.0662233678618,2253.0662233678618,-7243.301748598729,-7243.301748598729,-7243.301748598729,0.0,0.0,0.0,704188.8853687661
2741,2024-12-25,709318.552967971,641954.9314173871,766126.0643047307,654990.5216346396,757425.5693168044,-4606.128457862823,-4606.128457862823,-4606.128457862823,2554.7463436901016,2554.7463436901016,2554.7463436901016,-7160.8748015529245,-7160.8748015529245,-7160.8748015529245,0.0,0.0,0.0,704712.4245101082
2742,2024-12-26,709457.985041945,641985.9629494456,764752.5645050431,654730.3276967047,757443.5288666117,-4609.701921555325,-4609.701921555325,-4609.701921555325,2446.7349268429543,2446.7349268429543,2446.7349268429543,-7056.43684839828,-7056.43684839828,-7056.43684839828,0.0,0.0,0.0,704848.2831203897
2743,2024-12-27,709597.417115919,643947.2318188876,767733.7812476474,654487.025047818,758105.6004239036,-3857.7397404601306,-3857.7397404601306,-3857.7397404601306,3073.4552793905536,3073.4552793905536,3073.4552793905536,-6931.195019850685,-6931.195019850685,-6931.195019850685,0.0,0.0,0.0,705739.6773754588
2744,2024-12-28,709736.8491898931,629176.8841804076,756157.1812557279,654246.4715190384,758532.7319838527,-13068.636635384233,-13068.636635384233,-13068.636635384233,-6281.9720461919505,-6281.9720461919505,-6281.9720461919505,-6786.664589192282,-6786.664589192282,-6786.664589192282,0.0,0.0,0.0,696668.2125545088
2745,2024-12-29,709876.2812638673,631874.8696885864,756540.5443217597,654005.9179902589,758904.5423975242,-12906.6207036284,-12906.6207036284,-12906.6207036284,-6281.966188155592,-6281.966188155592,-6281.966188155592,-6624.654515472809,-6624.654515472809,-6624.654515472809,0.0,0.0,0.0,696969.6605602389
2746,2024-12-30,710015.7133378413,641520.3916936913,769548.0136728165,653765.3923083813,759255.1934811501,-4211.311729228418,-4211.311729228418,-4211.311729228418,2235.9354610195996,2235.9354610195996,2235.9354610195996,-6447.247190248017,-6447.247190248017,-6447.247190248017,0.0,0.0,0.0,705804.4016086129
2747,2024-12-31,710155.1454118154,644156.7996947821,767749.3813370987,653664.1327006791,759605.8445647758,-4003.7064493215075,-4003.7064493215075,-4003.7064493215075,2253.0662233701173,2253.0662233701173,2253.0662233701173,-6256.772672691624,-6256.772672691624,-6256.772672691624,0.0,0.0,0.0,706151.4389624939
2748,2025-01-01,710294.5774857893,644419.4919624487,767806.6753157818,653569.0877527408,759986.9970549144,-3501.0314872765875,-3501.0314872765875,-3501.0314872765875,2554.746343690489,2554.746343690489,2554.746343690489,-6055.777830967077,-6055.777830967077,-6055.777830967077,0.0,0.0,0.0,706793.5459985128
2749,2025-01-02,710434.0095597635,642838.7197353186,774342.3442920296,653352.4740640223,760378.7653415279,-3400.256007375995,-3400.256007375995,-3400.256007375995,2446.734926842608,2446.734926842608,2446.734926842608,-5846.990934218603,-5846.990934218603,-5846.990934218603,0.0,0.0,0.0,707033.7535523875
2750,2025-01-03,710573.4416337376,645717.5627423093,770160.6316760202,653134.8084886451,760765.4392329667,-2559.8270765213792,-2559.8270765213792,-2559.8270765213792,3073.4552793908633,3073.4552793908633,3073.4552793908633,-5633.282355912243,-5633.282355912243,-5633.282355912243,0.0,0.0,0.0,708013.6145572163
2751,2025-01-04,710712.8737077117,632764.9711047382,761454.5268255397,652944.0046093896,761152.1131244054,-11699.594198484912,-11699.594198484912,-11699.594198484912,-6281.9720461685,-6281.9720461685,-6281.9720461685,-5417.622152316413,-5417.622152316413,-5417.622152316413,0.0,0.0,0.0,699013.2795092268
2752,2025-01-05,710852.3057816857,637995.3150363681,766587.2057190526,652815.0414775384,761538.7870158443,-11485.0015546896,-11485.0015546896,-11485.0015546896,-6281.966188144108,-6281.966188144108,-6281.966188144108,-5203.035366545494,-5203.035366545494,-5203.035366545494,0.0,0.0,0.0,699367.3042269961
2753,2025-01-06,710991.7378556597,645599.2264273519,772634.5539691128,652686.0783456872,761925.4609072829,-2756.620515210704,-2756.620515210704,-2756.620515210704,2235.935461034053,2235.935461034053,2235.935461034053,-4992.5559762447565,-4992.5559762447565,-4992.5559762447565,0.0,0.0,0.0,708235.117340449
2754,2025-01-07,711131.1699296338,644133.0791404707,768883.9555602374,652569.269083313,762312.1347987216,-2536.1142258192403,-2536.1142258192403,-2536.1142258192403,2253.0662233622493,2253.0662233622493,2253.0662233622493,-4789.180449181489,-4789.180449181489,-4789.180449181489,0.0,0.0,0.0,708595.0557038146
2755,2025-01-08,711270.6020036079,637287.6571611027,771602.1459664293,652452.541729989,762817.090701758,-2041.075550461353,-2041.075550461353,-2041.075550461353,2554.746343690233,2554.746343690233,2554.746343690233,-4595.821894151586,-4595.821894151586,-4595.821894151586,0.0,0.0,0.0,709229.5264531466
2756,2025-01-09,711410.0340775821,642338.1481909519,775262.4699275822,652335.8143766655,763536.2365833388,-1968.5308665712382,-1968.5308665712382,-1968.5308665712382,2446.7349268346597,2446.7349268346597,2446.7349268346597,-4415.265793405897,-4415.265793405897,-4415.265793405897,0.0,0.0,0.0,709441.5032110108
2757,2025-01-10,711549.4661515561,642822.8337780135,779381.3689887483,652219.0870233416,764324.7021533083,-1176.6729972640853,-1176.6729972640853,-1176.6729972640853,3073.4552793911744,3073.4552793911744,3073.4552793911744,-4250.12827665526,-4250.12827665526,-4250.12827665526,0.0,0.0,0.0,710372.793154292
2758,2025-01-11,711688.89822553,631491.1761678935,766184.2621574649,651876.2786980469,765123.4023721843,-10384.789891900524,-10384.789891900524,-10384.789891900524,-6281.972046179989,-6281.972046179989,-6281.972046179989,-4102.817845720537,-4102.817845720537,-4102.817845720537,0.0,0.0,0.0,701304.1083336296
2759,2025-01-12,711828.3302995042,635404.5573947581,766968.4808583102,651135.3735283846,765758.8249235167,-10257.467571974948,-10257.467571974948,-10257.467571974948,-6281.966188141857,-6281.966188141857,-6281.966188141857,-3975.5013838330915,-3975.5013838330915,-3975.5013838330915,0.0,0.0,0.0,701570.8627275293
2760,2025-01-13,711967.7623734783,645946.3625369748,775558.5158391957,650847.6384038596,766412.8201096613,-1634.1397247826687,-1634.1397247826687,-1634.1397247826687,2235.935461032637,2235.935461032637,2235.935461032637,-3870.0751858153058,-3870.0751858153058,-3870.0751858153058,0.0,0.0,0.0,710333.6226486956
2761,2025-01-14,712107.1944474524,646585.398226348,776133.2472229227,650625.9291542631,767131.7157053334,-1535.0754036286417,-1535.0754036286417,-1535.0754036286417,2253.0662233645053,2253.0662233645053,2253.0662233645053,-3788.1416269931465,-3788.1416269931465,-3788.1416269931465,0.0,0.0,0.0,710572.1190438238
2762,2025-01-15,712246.6265214265,634925.8550168872,779601.7299358898,650457.9950439602,767553.8304711914,-1176.2456087631142,-1176.2456087631142,-1176.2456087631142,2554.7463436906196,2554.7463436906196,2554.7463436906196,-3730.9919524537345,-3730.9919524537345,-3730.9919524537345,0.0,0.0,0.0,711070.3809126634
2763,2025-01-16,712386.0585954004,645390.6626765939,779426.5589453304,650292.6388441343,767920.5094604073,-1252.8605905346697,-1252.8605905346697,-1252.8605905346697,2446.734926834313,2446.734926834313,2446.734926834313,-3699.5955173689827,-3699.5955173689827,-3699.5955173689827,0.0,0.0,0.0,711133.1980048658
2764,2025-01-17,712525.4906693746,641933.3431249087,778272.1050389602,650127.2826443084,768287.1884496235,-621.14036796431,-621.14036796431,-621.14036796431,3073.455279378575,3073.455279378575,3073.455279378575,-3694.595647342885,-3694.595647342885,-3694.595647342885,0.0,0.0,0.0,711904.3503014103
2765,2025-01-18,712664.9227433486,631980.3207939068,768341.2498251462,649961.9264444825,768746.3644168314,-9998.284165455463,-9998.284165455463,-9998.284165455463,-6281.972046165353,-6281.972046165353,-6281.972046165353,-3716.31211929011,-3716.31211929011,-3716.31211929011,0.0,0.0,0.0,702666.6385778931
2766,2025-01-19,712804.3548173228,634089.3524263356,770467.3134650205,649796.5702446568,769411.0816071267,-10046.716280707147,-10046.716280707147,-10046.716280707147,-6281.966188139609,-6281.966188139609,-6281.966188139609,-3764.75009256754,-3764.75009256754,-3764.75009256754,0.0,0.0,0.0,702757.6385366156
2767,2025-01-20,712943.7868912969,639944.7777675926,778831.0284128959,649635.0920132945,770067.0548943495,-1603.6796907484916,-1603.6796907484916,-1603.6796907484916,2235.935461013202,2235.935461013202,2235.935461013202,-3839.6151517616936,-3839.6151517616936,-3839.6151517616936,0.0,0.0,0.0,711340.1072005484
2768,2025-01-21,713083.218965271,637932.7816963535,774247.2271447435,649480.7925035637,770635.1124653753,-1687.267737761694,-1687.267737761694,-1687.267737761694,2253.06622336676,2253.06622336676,2253.06622336676,-3940.333961128454,-3940.333961128454,-3940.333961128454,0.0,0.0,0.0,711395.9512275093
2769,2025-01-22,713222.651039245,643777.4164330486,782496.3696642846,649326.4929938329,770998.5010151148,-1511.3335373206917,-1511.3335373206917,-1511.3335373206917,2554.74634368982,2554.74634368982,2554.74634368982,-4066.079881010512,-4066.079881010512,-4066.079881010512,0.0,0.0,0.0,711711.3175019242
2770,2025-01-23,713362.083113219,637165.2194116442,782240.1402820714,649172.193484102,771694.955806743,-1769.067835981346,-1769.067835981346,-1769.067835981346,2446.7349268368894,2446.7349268368894,2446.7349268368894,-4215.802762818235,-4215.802762818235,-4215.802762818235,0.0,0.0,0.0,711593.0152772376
2771,2025-01-24,713501.5151871929,641337.525868568,783734.9716253472,649017.8939743711,772373.8028540198,-1314.8067461797493,-1314.8067461797493,-1314.8067461797493,3073.455279378885,3073.455279378885,3073.455279378885,-4388.2620255586335,-4388.2620255586335,-4388.2620255586335,0.0,0.0,0.0,712186.7084410132
2772,2025-01-25,713640.9472611671,630295.0437677099,769566.6046333272,648863.5944646404,772757.4558409292,-10864.03407305476,-10864.03407305476,-10864.03407305476,-6281.97204615061,-6281.97204615061,-6281.97204615061,-4582.06202690415,-4582.06202690415,-4582.06202690415,0.0,0.0,0.0,702776.9131881123
2773,2025-01-26,713780.3793351413,634027.867432375,767831.3611075521,648709.2949549096,772959.5887657907,-11077.654866551045,-11077.654866551045,-11077.654866551045,-6281.966188137359,-6281.966188137359,-6281.966188137359,-4795.688678413687,-4795.688678413687,-4795.688678413687,0.0,0.0,0.0,702702.7244685902
2774,2025-01-27,713919.8114091153,641964.6734418368,789449.8564034596,648554.9954451788,773154.529842341,-2791.6107591775753,-2791.6107591775753,-2791.6107591775753,2235.935461011786,2235.935461011786,2235.935461011786,-5027.5462201893615,-5027.5462201893615,-5027.5462201893615,0.0,0.0,0.0,711128.2006499377
2775,2025-01-28,714059.2434830894,638054.9169894226,780727.0476318642,648400.6959354478,773603.1762094937,-3022.926843043284,-3022.926843043284,-3022.926843043284,2253.066223358893,2253.066223358893,2253.066223358893,-5275.993066402177,-5275.993066402177,-5275.993066402177,0.0,0.0,0.0,711036.3166400461
2776,2025-01-29,714198.6755570633,633514.012203566,779833.748131199,648246.396425717,774166.9189529923,-2984.6293168053503,-2984.6293168053503,-2984.6293168053503,2554.7463436913936,2554.7463436913936,2554.7463436913936,-5539.375660496745,-5539.375660496745,-5539.375660496745,0.0,0.0,0.0,711214.0462402579
2777,2025-01-30,714338.1076310375,638377.6001641584,782723.3639996727,648108.5849854415,774668.2703335193,-3369.324410675939,-3369.324410675939,-3369.324410675939,2446.734926839466,2446.734926839466,2446.734926839466,-5816.059337515405,-5816.059337515405,-5816.059337515405,0.0,0.0,0.0,710968.7832203616
2778,2025-01-31,714477.5397050116,638067.3996594545,780492.6681462204,647986.3859467001,775478.991981274,-3031.0000001511494,-3031.0000001511494,-3031.0000001511494,3073.455279398488,3073.455279398488,3073.455279398488,-6104.455279549637,-6104.455279549637,-6104.455279549637,0.0,0.0,0.0,711446.5397048605
2779,2025-02-01,714616.9717789857,623385.826660608,768494.1962766415,647864.1869079587,775976.9010939786,-12685.014813374997,-12685.014813374997,-12685.014813374997,-6281.972046153392,-6281.972046153392,-6281.972046153392,-6403.042767221606,-6403.042767221606,-6403.042767221606,0.0,0.0,0.0,701931.9569656107
2780,2025-02-02,714756.4038529597,626447.4921714008,768170.6835295275,647741.9878692173,776425.1570454928,-12992.35226049792,-12992.35226049792,-12992.35226049792,-6281.966188125874,-6281.966188125874,-6281.966188125874,-6710.386072372047,-6710.386072372047,-6710.386072372047,0.0,0.0,0.0,701764.0515924619
2781,2025-02-03,714895.8359269337,634111.6623805553,783406.4997984094,647558.541549318,776848.151974659,-4789.210040225128,-4789.210040225128,-4789.210040225128,2235.9354610183045,2235.9354610183045,2235.9354610183045,-7025.145501243432,-7025.145501243432,-7025.145501243432,0.0,0.0,0.0,710106.6258867085
2782,2025-02-04,715035.2680009078,636259.27358068,779980.8632485813,647283.4210592142,777271.1469038253,-5093.016055917496,-5093.016055917496,-5093.016055917496,2253.066223370257,2253.066223370257,2253.066223370257,-7346.0822792877525,-7346.0822792877525,-7346.0822792877525,0.0,0.0,0.0,709942.2519449904
2783,2025-02-05,715174.700074882,635436.6571396493,782341.9286214231,647098.7484948273,777694.1418329915,-5117.310819465854,-5117.310819465854,-5117.310819465854,2554.746343689951,2554.746343689951,2554.746343689951,-7672.057163155806,-7672.057163155806,-7672.057163155806,0.0,0.0,0.0,710057.3892554161
2784,2025-02-06,715314.1321488561,634422.0320091214,781334.1884867818,646926.2938175958,778117.1367621575,-5555.287940524737,-5555.287940524737,-5555.287940524737,2446.734926842043,2446.734926842043,2446.734926842043,-8002.022867366779,-8002.022867366779,-8002.022867366779,0.0,0.0,0.0,709758.8442083313
2785,2025-02-07,715453.5642228301,635863.3714738787,781537.3229272815,646770.945176671,778540.1316913236,-5261.555317255113,-5261.555317255113,-5261.555317255113,3073.4552793987987,3073.4552793987987,3073.4552793987987,-8335.010596653909,-8335.010596653909,-8335.010596653909,0.0,0.0,0.0,710192.008905575
2786,2025-02-08,715592.996296804,625472.1182158721,776674.3756670691,646583.0888807935,778963.1266204899,-14952.08322047808,-14952.08322047808,-14952.08322047808,-6281.972046164879,-6281.972046164879,-6281.972046164879,-8670.1111743132,-8670.1111743132,-8670.1111743132,0.0,0.0,0.0,700640.913076326
2787,2025-02-09,715732.4283707782,623492.4055550928,771437.9978721811,646033.7327771006,779360.3860786117,-15288.41763413418,-15288.41763413418,-15288.41763413418,-6281.96618813286,-6281.96618813286,-6281.96618813286,-9006.45144600132,-9006.45144600132,-9006.45144600132,0.0,0.0,0.0,700444.010736644
2788,2025-02-10,715871.8604447524,628523.0152635182,786951.470638653,645852.5270130581,779714.5984389348,-7107.231350591379,-7107.231350591379,-7107.231350591379,2235.935461024824,2235.935461024824,2235.935461024824,-9343.166811616204,-9343.166811616204,-9343.166811616204,0.0,0.0,0.0,708764.629094161
2789,2025-02-11,716011.2925187264,626960.8831111457,782589.5427861991,645673.290266626,780062.6211066182,-7426.304666299728,-7426.304666299728,-7426.304666299728,2253.066223362389,2253.066223362389,2253.066223362389,-9679.370889662116,-9679.370889662116,-9679.370889662116,0.0,0.0,0.0,708584.9878524267
2790,2025-02-12,716150.7245927005,632489.177820696,785957.2319639217,645538.5869187715,780539.7688898958,-7459.3771001045825,-7459.3771001045825,-7459.3771001045825,2554.7463436903386,2554.7463436903386,2554.7463436903386,-10014.12344379492,-10014.12344379492,-10014.12344379492,0.0,0.0,0.0,708691.3474925959
2791,2025-02-13,716290.1566666744,632134.0325021163,783402.449929416,645249.8145413446,780903.5233838486,-7899.662868906288,-7899.662868906288,-7899.662868906288,2446.734926841695,2446.734926841695,2446.734926841695,-10346.397795747984,-10346.397795747984,-10346.397795747984,0.0,0.0,0.0,708390.4937977681
2792,2025-02-14,716429.5887406486,621629.9574383021,786220.1771418831,644863.2638891521,781263.133858267,-7601.593729535415,-7601.593729535415,-7601.593729535415,3073.4552793926546,3073.4552793926546,3073.4552793926546,-10675.049008928068,-10675.049008928068,-10675.049008928068,0.0,0.0,0.0,708827.9950111131
2793,2025-02-15,716569.0208146226,624835.3815638864,776631.2997210469,644476.7132369593,781622.7443326851,-17280.756196090453,-17280.756196090453,-17280.756196090453,-6281.972046176367,-6281.972046176367,-6281.972046176367,-10998.784149914083,-10998.784149914083,-10998.784149914083,0.0,0.0,0.0,699288.2646185322
2794,2025-02-16,716708.4528885968,616160.4901412944,773612.8587419693,644090.1625847667,781982.3548071036,-17598.102107303468,-17598.102107303468,-17598.102107303468,-6281.966188145341,-6281.966188145341,-6281.966188145341,-11316.135919158125,-11316.135919158125,-11316.135919158125,0.0,0.0,0.0,699110.3507812934
2795,2025-02-17,716847.8849625709,626902.0615736656,781038.8961386472,643703.611932574,782378.7975810147,-9389.505425737307,-9389.505425737307,-9389.505425737307,2235.935461031342,2235.935461031342,2235.935461031342,-11625.44088676865,-11625.44088676865,-11625.44088676865,0.0,0.0,0.0,707458.3795368335
2796,2025-02-18,716987.3170365448,631186.7623995164,779372.105244151,643359.1328897505,782989.665070088,-9671.757251406707,-9671.757251406707,-9671.757251406707,2253.066223364646,2253.066223364646,2253.066223364646,-11924.823474771354,-11924.823474771354,-11924.823474771354,0.0,0.0,0.0,707315.5597851381
2797,2025-02-19,717126.749110519,627955.5254558887,787583.1404440987,643148.2420597032,783399.5212973625,-9657.440351569709,-9657.440351569709,-9657.440351569709,2554.746343689538,2554.746343689538,2554.746343689538,-12212.18669525925,-12212.18669525925,-12212.18669525925,0.0,0.0,0.0,707469.3087589493
2798,2025-02-20,717266.181184493,622030.1148236111,778626.8485762781,642937.3512296559,783791.0987400924,-10038.475560246328,-10038.475560246328,-10038.475560246328,2446.7349268471953,2446.7349268471953,2446.7349268471953,-12485.210487093525,-12485.210487093525,-12485.210487093525,0.0,0.0,0.0,707227.7056242466
2799,2025-02-21,717405.6132584672,621932.7575696901,786320.4937811787,642726.4603996086,784305.8260365553,-9667.903016666654,-9667.903016666654,-9667.903016666654,3073.4552794058036,3073.4552794058036,3073.4552794058036,-12741.358296072458,-12741.358296072458,-12741.358296072458,0.0,0.0,0.0,707737.7102418005
2800,2025-02-22,717545.0453324411,616092.0834018219,778077.0479000467,642527.7837839003,784888.0824483412,-19259.864365608977,-19259.864365608977,-19259.864365608977,-6281.972046170442,-6281.972046170442,-6281.972046170442,-12977.892319438539,-12977.892319438539,-12977.892319438539,0.0,0.0,0.0,698285.1809668321
2801,2025-02-23,717684.4774064152,616398.592100088,774722.5158780242,642339.9280084687,785492.4408244995,-19473.86377904402,-19473.86377904402,-19473.86377904402,-6281.966188143093,-6281.966188143093,-6281.966188143093,-13191.897590900924,-13191.897590900924,-13191.897590900924,0.0,0.0,0.0,698210.6136273711
2802,2025-02-24,717823.9094803893,624054.4292581594,790566.0927494154,642152.0722330373,786348.1256165782,-11144.379362390255,-11144.379362390255,-11144.379362390255,2235.935461029927,2235.935461029927,2235.935461029927,-13380.314823420182,-13380.314823420182,-13380.314823420182,0.0,0.0,0.0,706679.5301179991
2803,2025-02-25,717963.3415543634,626513.2732452733,784095.2294527966,641964.2164576058,787312.4056302753,-11286.915437322852,-11286.915437322852,-11286.915437322852,2253.0662233618386,2253.0662233618386,2253.0662233618386,-13539.98166068469,-13539.98166068469,-13539.98166068469,0.0,0.0,0.0,706676.4261170406
2804,2025-02-26,718102.7736283375,625299.988872038,788264.9128463431,641776.3606821744,788093.4716651926,-11112.935378247159,-11112.935378247159,-11112.935378247159,2554.7463436887383,2554.7463436887383,2554.7463436887383,-13667.681721935898,-13667.681721935898,-13667.681721935898,0.0,0.0,0.0,706989.8382500904
2805,2025-02-27,718242.2057023115,625979.6676936392,787387.6023551713,641453.7678887652,788302.6778014392,-11313.465639238637,-11313.465639238637,-11313.465639238637,2446.7349268363237,2446.7349268363237,2446.7349268363237,-13760.200566074962,-13760.200566074962,-13760.200566074962,0.0,0.0,0.0,706928.7400630729
2806,2025-02-28,718381.6377762855,622924.5305771068,780957.7758235057,640697.0805157811,788548.3430047521,-10740.93217798161,-10740.93217798161,-10740.93217798161,3073.4552793996586,3073.4552793996586,3073.4552793996586,-13814.387457381272,-13814.387457381272,-13814.387457381272,0.0,0.0,0.0,707640.7055983039
2807,2025-03-01,718521.0698502597,610227.3725620516,778868.7558912744,640507.8875670701,789207.115209945,-20109.193640201658,-20109.193640201658,-20109.193640201658,-6281.972046181929,-6281.972046181929,-6281.972046181929,-13827.221594019726,-13827.221594019726,-13827.221594019726,0.0,0.0,0.0,698411.876210058
2808,2025-03-02,718660.5019242337,609842.9266862422,778245.4472868827,640330.8551201936,789889.8314193479,-20077.847456820207,-20077.847456820207,-20077.847456820207,-6281.966188131609,-6281.966188131609,-6281.966188131609,-13795.881268688598,-13795.881268688598,-13795.881268688598,0.0,0.0,0.0,698582.6544674136
2809,2025-03-03,718799.9339982077,622705.5270112647,788047.4749995096,640026.3926802519,790572.5476287506,-11481.878813607373,-11481.878813607373,-11481.878813607373,2235.9354610184255,2235.9354610184255,2235.9354610184255,-13717.814274625802,-13717.814274625802,-13717.814274625802,0.0,0.0,0.0,707318.0551846003
2810,2025-03-04,718939.3660721818,620801.5627826928,785619.204046327,639647.9424588413,791255.2638381537,-11337.741531765281,-11337.741531765281,-11337.741531765281,2253.0662233681414,2253.0662233681414,2253.0662233681414,-13590.807755133423,-13590.807755133423,-13590.807755133423,0.0,0.0,0.0,707601.6245404165
2811,2025-03-05,719078.7981461559,624779.3278952187,788720.8397532156,639517.1656515525,791911.3295384711,-10858.309281642385,-10858.309281642385,-10858.309281642385,2554.7463436903113,2554.7463436903113,2554.7463436903113,-13413.055625332696,-13413.055625332696,-13413.055625332696,0.0,0.0,0.0,708220.4888645135
2812,2025-03-06,719218.2302201301,625130.9755452796,795286.5823010117,639388.3410699059,792459.0151373484,-10736.486747485616,-10736.486747485616,-10736.486747485616,2446.7349268389,2446.7349268389,2446.7349268389,-13183.221674324517,-13183.221674324517,-13183.221674324517,0.0,0.0,0.0,708481.7434726445
2813,2025-03-07,719357.6622941041,622075.5538779394,790086.4704503528,639259.5164882591,793006.7007362256,-9827.041207037544,-9827.041207037544,-9827.041207037544,3073.4552793999683,3073.4552793999683,3073.4552793999683,-12900.496486437514,-12900.496486437514,-12900.496486437514,0.0,0.0,0.0,709530.6210870666
2814,2025-03-08,719497.094368078,610977.5408082511,778928.299269874,639130.6919066125,793554.386335103,-18846.618448638765,-18846.618448638765,-18846.618448638765,-6281.972046184711,-6281.972046184711,-6281.972046184711,-12564.646402454058,-12564.646402454058,-12564.646402454058,0.0,0.0,0.0,700650.4759194392
2815,2025-03-09,719636.5264420522,611750.0430569671,782178.9995566064,639001.8673249658,794102.0719339802,-18458.019063184925,-18458.019063184925,-18458.019063184925,-6281.966188120124,-6281.966188120124,-6281.966188120124,-12176.052875064803,-12176.052875064803,-12176.052875064803,0.0,0.0,0.0,701178.5073788672
2816,2025-03-10,719775.9585160263,626180.8543939103,793157.1291430492,638825.8044586724,794873.4119210982,-9499.805294042408,-9499.805294042408,-9499.805294042408,2235.93546101701,2235.93546101701,2235.93546101701,-11735.740755059416,-11735.740755059416,-11735.740755059416,0.0,0.0,0.0,710276.1532219838
2817,2025-03-11,719915.3905900004,628181.1887813979,796698.9432893203,638634.2718467992,795445.185742471,-8992.328049284202,-8992.328049284202,-8992.328049284202,2253.0662233653356,2253.0662233653356,2253.0662233653356,-11245.394272649537,-11245.394272649537,-11245.394272649537,0.0,0.0,0.0,710923.0625407163
2818,2025-03-12,720054.8226639745,622542.5020621154,796115.5031693374,638494.8711896017,795753.4990895204,-8152.613403187805,-8152.613403187805,-8152.613403187805,2554.746343689512,2554.746343689512,2554.746343689512,-10707.359746877317,-10707.359746877317,-10707.359746877317,0.0,0.0,0.0,711902.2092607867
2819,2025-03-13,720194.2547379484,621024.4750370207,796492.6103414882,638349.9500467759,796381.7620921169,-7677.899432439119,-7677.899432439119,-7677.899432439119,2446.7349268385533,2446.7349268385533,2446.7349268385533,-10124.634359277672,-10124.634359277672,-10124.634359277672,0.0,0.0,0.0,712516.3553055093
2820,2025-03-14,720333.6868119225,623990.9187174712,795563.9929253677,638179.1483881416,796994.2836844424,-6427.385379392743,-6427.385379392743,-6427.385379392743,3073.455279393824,3073.455279393824,3073.455279393824,-9500.840658786567,-9500.840658786567,-9500.840658786567,0.0,0.0,0.0,713906.3014325297
2821,2025-03-15,720473.1188858966,620316.2698920256,787367.5243059553,638008.3467295078,797600.2497594308,-15122.158861335532,-15122.158861335532,-15122.158861335532,-6281.97204616126,-6281.97204616126,-6281.97204616126,-8840.186815174275,-8840.186815174275,-8840.186815174275,0.0,0.0,0.0,705350.9600245612
2822,2025-03-16,720612.5509598708,619764.9173803807,791532.4643647666,637837.5450708738,798203.030878917,-14429.379187417413,-14429.379187417413,-14429.379187417413,-6281.966188127109,-6281.966188127109,-6281.966188127109,-8147.412999290305,-8147.412999290305,-8147.412999290305,0.0,0.0,0.0,706183.1717724534
2823,2025-03-17,720751.9830338447,622207.7814423995,795341.5004243626,637666.7434122397,798805.811998403,-5191.789169735413,-5191.789169735413,-5191.789169735413,2235.9354610314626,2235.9354610314626,2235.9354610314626,-7427.724630766875,-7427.724630766875,-7427.724630766875,0.0,0.0,0.0,715560.1938641093
2824,2025-03-18,720891.4151078188,621837.3673226602,803185.405609885,637495.9417536056,799408.5931178891,-4433.647364785859,-4433.647364785859,-4433.647364785859,2253.0662233675903,2253.0662233675903,2253.0662233675903,-6686.71358815345,-6686.71358815345,-6686.71358815345,0.0,0.0,0.0,716457.7677430329
2825,2025-03-19,721030.8471817928,629247.7937663752,806447.4499487662,637345.3967034294,800011.3742373753,-3375.5224692639945,-3375.5224692639945,-3375.5224692639945,2554.7463436898984,2554.7463436898984,2554.7463436898984,-5930.268812953893,-5930.268812953893,-5930.268812953893,0.0,0.0,0.0,717655.3247125288
2826,2025-03-20,721170.279255767,627313.4839282715,801326.7445936303,637237.8603265102,800684.3973888811,-2717.7431216367963,-2717.7431216367963,-2717.7431216367963,2446.7349268335283,2446.7349268335283,2446.7349268335283,-5164.478048470324,-5164.478048470324,-5164.478048470324,0.0,0.0,0.0,718452.5361341302
2827,2025-03-21,721309.7113297412,624845.333990528,808581.123450861,636983.5367777037,801680.982421998,-1322.0674485864442,-1322.0674485864442,-1322.0674485864442,3073.455279394134,3073.455279394134,3073.455279394134,-4395.522727980579,-4395.522727980579,-4395.522727980579,0.0,0.0,0.0,719987.6438811547
2828,2025-03-22,721449.1434037151,624811.8887688039,797664.174122729,636822.6192213112,802672.3245201936,-9911.540302512649,-9911.540302512649,-9911.540302512649,-6281.972046164041,-6281.972046164041,-6281.972046164041,-3629.568256348608,-3629.568256348608,-3629.568256348608,0.0,0.0,0.0,711537.6031012024
2829,2025-03-23,721588.5754776892,615802.4615642878,800219.1359366112,636710.664964024,803663.6666183892,-9154.618295736,-9154.618295736,-9154.618295736,-6281.9661881156235,-6281.9661881156235,-6281.9661881156235,-2872.652107620377,-2872.652107620377,-2872.652107620377,0.0,0.0,0.0,712433.9571819531
2830,2025-03-24,721728.0075516633,631381.9732732144,810887.078553465,636598.7107067368,804266.140278736,105.36317835675922,105.36317835675922,105.36317835675922,2235.9354610300475,2235.9354610300475,2235.9354610300475,-2130.572282673288,-2130.572282673288,-2130.572282673288,0.0,0.0,0.0,721833.3707300201
2831,2025-03-25,721867.4396256375,623251.3448198941,806357.1441126012,636486.7564494496,804626.2610862234,844.2874924540694,844.2874924540694,844.2874924540694,2253.0662233647836,2253.0662233647836,2253.0662233647836,-1408.778730910715,-1408.778730910715,-1408.778730910715,0.0,0.0,0.0,722711.7271180915
