date,gld_price_lkr,gold_price_usd,silver_price,s&p_500,ny_stock_ex_rate,selling_exchange_rates
1/1/2020,275391,1552,18,3229,13907,183.154
2/1/2020,275111,1525,18,3258,14002,182.9138
3/1/2020,279285,1549,18,3235,13917,183.084
6/1/2020,285968,1566,18,3246,13942,183.0439
7/1/2020,282549,1572,18,3237,13898,183.054
8/1/2020,288445,1557,18,3253,13934,183.0439
9/1/2020,282928,1552,18,3275,13998,183.3546
10/1/2020,,1558,18,3265,13958,
13/01/2020,282456,1548,18,3288,14043,183.0839
14/01/2020,278954,1542,18,3283,14037,183.2342
15/01/2020,,1552,18,3289,14053,
16/01/2020,282651,1549,18,3317,14142,183.2642
17/01/2020,281880,1559,18,3330,14183,183.0438
20/01/2020,282471,1565,18,3301,14092,183.0438
21/01/2020,284043,1556,18,3321,14110,183.0639
22/01/2020,281621,1555,18,3322,14110,183.1766
23/01/2020,282570,1565,18,3326,14102,183.2267
24/01/2020,283296,1571,18,3295,13978,183.2769
27/01/2020,287017,1577,18,3244,13770,183.3169
28/01/2020,287136,1569,17,3276,13878,183.347
29/01/2020,284198,1570,17,3273,13844,183.3369
30/01/2020,286849,1584,18,3284,13862,183.3067
31/01/2020,285448,1583,18,3226,13614,183.3068
3/2/2020,287157,1577,18,3249,13678,183.2467
4/2/2020,,1550,18,3298,13863,
5/2/2020,282201,1558,18,3335,14025,183.2667
6/2/2020,282095,1565,18,3346,14035,183.2166
7/2/2020,284043,1569,18,3328,13932,183.1965
10/2/2020,284811,1575,18,3352,13984,183.2267
11/2/2020,284588,1566,18,3358,14054,183.2066
12/2/2020,284378,1567,17,3379,14137,183.2267
13/02/2020,284898,1575,18,3374,14099,183.2466
14/02/2020,285944,1583,18,3380,14097,183.2366
17/02/2020,287175,1623,18,3369,14074,183.2668
18/02/2020,287971,1600,18,3370,14039,183.3269
19/02/2020,290861,1608,18,3386,14087,183.3971
20/02/2020,292810,1617,18,3373,14061,183.6877
21/02/2020,,1645,19,3338,13976,
24/02/2020,302236,1672,19,3226,13534,183.407
25/02/2020,301022,1647,18,3128,13144,183.4972
26/02/2020,298398,1640,18,3116,13047,183.4872
27/02/2020,299902,1640,18,2979,12547,183.4971
28/02/2020,298654,1564,16,2954,12381,183.6374
2/3/2020,290497,1592,17,3090,12828,183.6774
3/3/2020,290981,1642,17,3003,12543,183.8278
4/3/2020,299513,1641,17,3130,13010,183.8779
5/3/2020,298367,1666,17,3024,12593,183.8477
6/3/2020,303817,1671,17,2972,12352,183.6875
9/3/2020,,1675,17,2747,11298,
10/3/2020,303462,1659,17,2882,11793,183.7676
11/3/2020,302242,1641,17,2741,11177,184.3288
12/3/2020,298560,1589,16,2481,10061,184.3588
13/03/2020,285704,1516,14,2711,10852,185.0899
16/03/2020,,1486,13,2386,9568,
17/03/2020,273661,1525,12,2529,10063,186.6635
18/03/2020,283550,1477,12,2398,9385,187.2339
19/03/2020,274185,1479,12,2409,9461,188.2057
20/03/2020,277305,1484,12,2305,9133,189.8775
23/03/2020,279400,1567,13,2237,8777,
24/03/2020,294506,1660,14,2447,9658,190.6188
25/03/2020,305811,1632,15,2476,9961,
26/03/2020,303240,1650,15,2630,10536,
27/03/2020,307664,1624,15,2541,10187,191.9902
30/03/2020,308144,1622,14,2627,10435,192.5025
31/03/2020,305140,1583,14,2585,10302,192.453
1/4/2020,300778,1578,14,2471,9845,192.653
2/4/2020,301405,1626,15,2527,10062,192.803
3/4/2020,307930,1634,14,2489,9881,193.753
6/4/2020,315495,1677,15,2664,10515,199.4042
7/4/2020,,1665,15,2659,10537,
8/4/2020,327249,1665,15,2750,10903,200.4652
9/4/2020,329178,1736,16,2790,11137,200.474
10/4/2020,,1738,15,2670,10594,
13/04/2020,,1745,15,2762,10950,
14/04/2020,,1757,16,2846,11172,
15/04/2020,332167,1727,15,2783,10844,195.7834
16/04/2020,328802,1720,16,2800,10818,195.5796
17/04/2020,329432,1689,15,2875,11208,195.4796
20/04/2020,322211,1702,16,2823,11004,196.6534
21/04/2020,329375,1678,15,2737,10706,197.2168
22/04/2020,325065,1729,15,2799,10909,197.85
23/04/2020,329659,1733,15,2798,10917,198.2
24/04/2020,330819,1724,15,2837,11018,197.6483
27/04/2020,330675,1712,15,2878,11265,196.07
28/04/2020,327834,1711,15,2863,11320,196.05
29/04/2020,329852,1703,15,2940,11618,195.89
30/04/2020,329935,1684,15,2912,11372,195.82
1/5/2020,,1695,15,2831,11059,
4/5/2020,325946,1707,15,2843,11056,194.1158
5/5/2020,323078,1704,15,2868,11135,191.71
6/5/2020,321909,1684,15,2848,11000,191.5
7/5/2020,,1722,16,2881,11122,
8/5/2020,,1710,16,2930,11354,
11/5/2020,321794,1695,16,2930,11281,190.16
12/5/2020,319192,1704,16,2870,11056,190.12
13/05/2020,320922,1714,16,2820,10829,190.34
14/05/2020,322608,1738,16,2853,10927,190.34
15/05/2020,325798,1753,17,2864,10947,189.99
18/05/2020,331130,1732,17,2954,11402,189.94
19/05/2020,326418,1744,18,2923,11249,189.73
20/05/2020,328111,1751,18,2972,11420,189.6
21/05/2020,326725,1721,17,2949,11352,189.25
22/05/2020,322632,1735,18,2955,11332,188.81
25/05/2020,,1717,18,2950,11351,
26/05/2020,321499,1705,18,2992,11603,188.06
27/05/2020,318388,1710,18,3036,11838,188.4
28/05/2020,319136,1713,18,3030,11805,188.61
29/05/2020,320438,1737,18,3044,11803,188.62
1/6/2020,323779,1738,19,3056,11900,188.61
2/6/2020,323772,1725,18,3081,12046,188.42
3/6/2020,320945,1698,18,3123,12302,188.27
4/6/2020,316738,1719,18,3112,12287,188.07
5/6/2020,,1676,17,3194,12641,
8/6/2020,312996,1698,18,3232,12837,187.86
9/6/2020,314088,1715,18,3207,12620,187.6
10/6/2020,317879,1713,18,3190,12449,187.5
11/6/2020,320732,1732,18,3002,11659,187.55
12/6/2020,319554,1729,17,3041,11867,187.64
15/06/2020,320777,1720,17,3067,11943,187.74
16/06/2020,321341,1730,18,3125,12161,188.22
17/06/2020,320746,1729,18,3113,12086,188.41
18/06/2020,321892,1725,17,3115,12073,188.72
19/06/2020,322064,1746,18,3098,11980,188.78
22/06/2020,327483,1757,18,3118,12029,188.8
23/06/2020,326796,1772,18,3131,12078,188.82
24/06/2020,330195,1766,18,3050,11727,188.8
25/06/2020,328619,1762,18,3084,11865,188.83
26/06/2020,328481,1773,18,3009,11604,188.46
29/06/2020,329046,1775,18,3053,11777,188.48
30/06/2020,329888,1793,19,3100,11894,188.51
1/7/2020,331817,1773,18,3116,11902,188.49
2/7/2020,329585,1784,18,3130,11992,188.41
3/7/2020,330503,1802,18,3082,11834,188.38
6/7/2020,329731,1789,19,3180,12160,188.18
7/7/2020,331613,1804,19,3145,11990,188.13
8/7/2020,333331,1816,19,3170,12086,188.15
9/7/2020,336177,1799,19,3152,11929,188.08
10/7/2020,334637,1798,19,3185,12076,188.1
13/07/2020,335314,1811,20,3155,12015,188.1
14/07/2020,334202,1811,19,3198,12015,188.12
15/07/2020,336213,1811,20,3227,12391,188.13
16/07/2020,336114,1799,20,3216,12350,188.14
17/07/2020,334208,1808,20,3225,12403,188.09
20/07/2020,335783,1816,20,3252,12393,188.08
21/07/2020,337488,1842,22,3257,12509,188.03
22/07/2020,345313,1864,23,3276,12569,188.04
23/07/2020,346621,1889,23,3236,12511,188.04
24/07/2020,350082,1897,23,3216,12462,188.02
27/07/2020,356935,1931,24,3239,12553,188.02
28/07/2020,367184,1945,24,3218,12491,188.01
29/07/2020,362747,1954,24,3258,12670,188
30/07/2020,364650,1942,23,3246,12533,187.95
31/07/2020,365355,1963,24,3271,12465,187.86
3/8/2020,,1966,24,3295,12537,
4/8/2020,366878,2001,26,3307,12612,187.85
5/8/2020,373601,2031,27,3328,12732,187.76
6/8/2020,378309,2052,28,3349,12729,187.73
7/8/2020,382997,2010,28,3351,12766,187.63
10/8/2020,376263,2024,29,3360,12844,187.48
11/8/2020,373221,1933,26,3334,12849,186.86
12/8/2020,347884,1935,26,3380,12975,186.14
13/08/2020,355294,1957,28,3373,12919,185.04
14/08/2020,356622,1937,26,3373,12903,185.07
17/08/2020,354823,1985,28,3382,12936,185.45
18/08/2020,365571,1999,28,3390,12910,185.79
19/08/2020,367034,1959,27,3375,12860,186.44
20/08/2020,359550,1934,27,3386,12813,188.48
21/08/2020,362098,1935,27,3397,12809,186.79
24/08/2020,356025,1928,27,3431,12973,186.72
25/08/2020,357436,1912,26,3444,13002,187.25
26/08/2020,359077,1941,27,3479,13043,188.53
27/08/2020,362176,1922,27,3485,13069,188.48
28/08/2020,360307,1965,28,3508,13171,188.18
31/08/2020,366956,1968,28,3500,13046,188.49
1/9/2020,,1968,28,3527,13114,
2/9/2020,365897,1934,27,3581,13277,188.13
3/9/2020,361497,1928,27,3455,12966,187.47
4/9/2020,359289,1924,27,3427,12966,187.44
7/9/2020,359017,1944,28,3498,13074,187.3
8/9/2020,355980,1933,27,3332,12688,186.84
9/9/2020,355513,1945,27,3399,12886,186.5
10/9/2020,358691,1954,27,3339,12707,186.56
11/9/2020,359424,1938,27,3341,12773,186.82
14/09/2020,359767,1953,27,3384,12933,186.61
15/09/2020,361951,1956,27,3401,12967,186.54
16/09/2020,361131,1960,27,3385,12998,186.61
17/09/2020,360235,1940,27,3357,12948,187.12
18/09/2020,361065,1952,27,3319,12834,187.18
21/09/2020,362202,1901,24,3281,12834,187.58
22/09/2020,354122,1899,24,3316,12603,187.54
23/09/2020,352531,1860,23,3237,12359,187.33
24/09/2020,344694,1868,23,3247,12366,187.13
25/09/2020,345307,1858,23,3298,12485,187.3
28/09/2020,344623,1873,24,3352,12678,187.4
29/09/2020,349517,1894,24,3335,12603,187.5
30/09/2020,351690,1888,23,3363,12702,187.32
1/10/2020,,1908,24,3381,12727,
2/10/2020,350942,1900,24,3348,12750,187.21
5/10/2020,350354,1913,25,3409,12950,186.75
6/10/2020,352998,1901,24,3361,12838,186.81
7/10/2020,347325,1884,24,3419,13042,186.75
8/10/2020,348061,1889,24,3447,13191,186.49
9/10/2020,351054,1920,25,3477,13253,186.34
12/10/2020,354777,1923,25,3534,13325,186.35
13/10/2020,352300,1889,24,3512,13212,186.35
14/10/2020,348900,1901,24,3489,13143,186.46
15/10/2020,350299,1903,24,3483,13137,186.88
16/10/2020,352266,1901,24,3484,13169,186.7
19/10/2020,350429,1906,25,3427,13019,186.42
20/10/2020,350178,1910,25,3443,13092,186.48
21/10/2020,353882,1925,25,3436,13040,186.66
22/10/2020,352743,1901,25,3453,13146,186.44
23/10/2020,351277,1902,25,3465,13200,186.49
26/10/2020,350615,1903,24,3401,12936,186.4
27/10/2020,351998,1909,25,3391,12818,186.46
28/10/2020,351448,1876,23,3271,12415,186.46
29/10/2020,346177,1866,23,3310,12502,186.45
30/10/2020,,1877,24,3270,12429,
2/11/2020,346729,1890,24,3310,12662,186.44
3/11/2020,349605,1909,24,3369,12877,186.61
4/11/2020,349079,1895,24,3443,12979,186.55
5/11/2020,351550,1945,25,3510,13199,186.57
6/11/2020,358166,1950,26,3509,13219,186.63
9/11/2020,360729,1853,24,3551,13612,186.64
10/11/2020,346221,1875,24,3546,13708,186.66
11/11/2020,347060,1861,24,3573,13725,186.65
12/11/2020,344995,1873,24,3537,13551,186.7
13/11/2020,346823,1886,25,3585,13761,186.7
16/11/2020,350141,1887,25,3627,13982,186.8
17/11/2020,349696,1885,25,3610,13949,187.31
18/11/2020,347508,1874,24,3568,13809,187.32
19/11/2020,346081,1861,24,3582,13863,186.83
20/11/2020,344095,1873,24,3558,13827,187.11
23/11/2020,346493,1838,24,3578,13998,187.53
24/11/2020,338752,1805,23,3635,14250,187.39
25/11/2020,335602,1806,23,3630,14192,187.76
26/11/2020,335906,1801,24,3596,14026,187.78
27/11/2020,335172,1782,23,3638,14199,187.24
30/11/2020,329385,1776,23,3622,14006,187.55
1/12/2020,331030,1814,24,3662,14147,187.88
2/12/2020,336531,1826,24,3669,14188,187.99
3/12/2020,341607,1837,24,3667,14217,188.66
4/12/2020,343381,1836,24,3699,14417,188.3
7/12/2020,341027,1862,25,3692,14355,188.19
8/12/2020,347420,1871,25,3702,14402,188.52
9/12/2020,347670,1835,24,3673,14374,188.54
10/12/2020,342386,1834,24,3668,14394,188.06
11/12/2020,341764,1840,24,3663,14355,188.14
14/12/2020,341727,1829,24,3647,14215,188.97
15/12/2020,342145,1852,25,3695,14402,189.52
16/12/2020,348446,1856,25,3701,14409,189.83
17/12/2020,350395,1887,26,3722,14517,190.53
18/12/2020,353176,1886,26,3709,14468,190.13
21/12/2020,356078,1879,26,3695,14379,190.37
22/12/2020,353068,1867,25,3687,14321,191.2
23/12/2020,352740,1875,26,3690,14399,193.05
24/12/2020,357381,1880,26,3703,14383,194.66
25/12/2020,,1886,26,3697,14390,
28/12/2020,361073,1877,26,3735,14406,192.1
29/12/2020,,1880,26,3727,14398,
30/12/2020,353922,1891,26,3732,14477,190.02
31/12/2020,353597,1893,26,3756,14525,189.18
1/1/2021,352000,1928,26,3729,14439,189.8
4/1/2021,355431,1945,27,3701,14377,189.88
5/1/2021,358687,1953,28,3727,14537,191.9
6/1/2021,360409,1907,27,3748,14789,191.96
7/1/2021,354598,1912,27,3804,14929,191.77
8/1/2021,354554,1834,25,3825,14967,190.98
11/1/2021,343761,1850,25,3800,14938,192.47
12/1/2021,345659,1843,25,3801,15010,193.65
13/01/2021,348063,1854,26,3810,14984,194.07
14/01/2021,,1850,26,3796,15044,
15/01/2021,353899,1829,25,3768,14894,196.05
18/01/2021,352373,1855,25,3795,14974,196.0262
19/01/2021,356383,1840,25,3799,14987,196.05
20/01/2021,359977,1866,26,3852,15097,198.2647
21/01/2021,364045,1865,26,3853,15019,197.68
22/01/2021,366220,1856,26,3841,14952,199.1875
25/01/2021,365157,1855,25,3855,14935,199.65
26/01/2021,364577,1851,26,3850,14867,198.8
27/01/2021,361386,1845,25,3751,14488,198.2435
28/01/2021,,1838,26,3787,14670,
29/01/2021,358337,1847,27,3714,14397,194.4435
1/2/2021,354644,1861,29,3774,14596,193.17
2/2/2021,358624,1831,26,3826,14769,195.5
3/2/2021,357802,1832,27,3830,14839,197.62
4/2/2021,,1789,26,3872,14975,
5/2/2021,349278,1811,27,3887,15070,196.03
8/2/2021,350905,1832,28,3916,15227,196.5069
9/2/2021,357705,1835,27,3911,15244,196.81
10/2/2021,357392,1841,27,3910,15274,197.45
11/2/2021,357305,1825,27,3916,15297,198.668
12/2/2021,354528,1822,27,3935,15370,196.3655
15/02/2021,354017,1782,27,3918,15282,197.03
16/02/2021,354026,1797,27,3933,15423,197.9775
17/02/2021,349422,1771,27,3931,15403,198.9485
18/02/2021,347241,1773,27,3914,15291,198.3847
19/02/2021,344426,1776,27,3907,15363,198.58
22/02/2021,347927,1807,28,3877,15340,197.53
23/02/2021,352291,1804,28,3881,15359,195.93
24/02/2021,351890,1796,28,3925,15539,196.4
25/02/2021,349240,1774,28,3829,15207,196.62
26/02/2021,,1728,26,3811,15010,
1/3/2021,339085,1723,27,3902,15328,197.05
2/3/2021,333644,1733,27,3870,15277,197.32
3/3/2021,338912,1715,26,3820,15199,198.32
4/3/2021,334644,1700,25,3768,14959,198.27
5/3/2021,331017,1698,25,3842,15252,198.34
8/3/2021,334754,1678,25,3821,15288,198.576
9/3/2021,330169,1717,26,3875,15376,198.682
10/3/2021,335505,1722,26,3899,15522,198.662
11/3/2021,,1722,26,3939,15648,
12/3/2021,338545,1720,26,3943,15715,198.874
15/03/2021,338400,1729,26,3969,15776,198.964
16/03/2021,340741,1731,26,3963,15669,200.06
17/03/2021,344030,1727,26,3974,15731,201.75
18/03/2021,346092,1732,26,3915,15589,201.5005
19/03/2021,344866,1741,26,3913,15562,200.19
22/03/2021,343119,1738,26,3941,15552,200.0401
23/03/2021,342626,1725,25,3911,15347,200.8635
24/03/2021,344407,1733,25,3889,15277,201.1935
25/03/2021,343450,1725,25,3910,15410,201.01
26/03/2021,342722,1732,25,3975,15683,201.6
29/03/2021,343310,1712,25,3971,15612,201.77
30/03/2021,340840,1684,24,3959,15626,201.93
31/03/2021,334621,1714,25,3973,15602,202.04
1/4/2021,340553,1727,25,4020,15752,202.1
2/4/2021,,1738,25,3979,15655,
5/4/2021,344128,1727,25,4078,15870,201.95
6/4/2021,346338,1742,25,4074,15878,202.7
7/4/2021,345641,1740,25,4080,15839,202.88
8/4/2021,347091,1757,26,4097,15887,203.5
9/4/2021,350479,1743,25,4129,15956,203.59
12/4/2021,347700,1731,25,4128,15977,203.73
13/04/2021,,1746,25,4142,15962,
14/04/2021,,1735,26,4125,16000,
15/04/2021,347189,1765,26,4170,16117,204.628
16/04/2021,352004,1779,26,4185,16186,201.28
19/04/2021,345536,1769,26,4163,16108,191.97
20/04/2021,339686,1777,26,4135,15945,195.2145
21/04/2021,341737,1792,27,4173,16122,200.9
22/04/2021,344572,1781,26,4135,16031,199.3925
23/04/2021,343222,1777,26,4180,16206,198.4895
26/04/2021,,1779,26,4188,16241,
27/04/2021,350522,1778,26,4187,16273,199.4185
28/04/2021,349949,1773,26,4183,16322,199.52
29/04/2021,357042,1768,26,4211,16376,199.87
30/04/2021,352778,1767,26,4181,16219,199.87
3/5/2021,353235,1791,27,4193,16325,199.89
4/5/2021,357620,1776,27,4165,16289,199.93
5/5/2021,355432,1784,27,4168,16348,199.941
6/5/2021,356564,1816,27,4202,16460,201.8788
7/5/2021,362343,1831,27,4233,16590,201.8988
10/5/2021,365444,1838,27,4188,16517,201.948
11/5/2021,366460,1836,28,4152,16356,201.948
12/5/2021,365269,1823,27,4063,16043,201.948
13/05/2021,363498,1824,27,4113,16182,202.282
14/05/2021,,1838,27,4174,16415,
17/05/2021,369108,1868,28,4163,16423,202.8977
18/05/2021,373831,1868,28,4128,16338,202.8494
19/05/2021,372746,1881,28,4116,16233,202.8796
20/05/2021,373837,1882,28,4159,16350,202.8796
21/05/2021,374244,1877,27,4156,16375,202.8796
24/05/2021,376611,1885,28,4197,16465,202.8896
25/05/2021,374206,1898,28,4188,16390,202.8896
26/05/2021,,1901,28,4196,16452,
27/05/2021,,1896,28,4201,16532,
28/05/2021,378189,1903,28,4204,16556,202.8896
31/05/2021,380914,1893,28,4197,16479,202.8896
1/6/2021,381609,1903,28,4202,16643,202.8877
2/6/2021,378929,1908,28,4208,16674,202.8896
3/6/2021,380329,1871,27,4193,16632,202.8896
4/6/2021,372009,1890,28,4230,16709,202.8896
7/6/2021,376683,1897,28,4227,16709,202.8896
8/6/2021,378980,1892,28,4227,16685,202.8877
9/6/2021,378138,1893,28,4220,16620,202.8896
10/6/2021,376639,1894,28,4239,16651,202.8896
11/6/2021,379545,1877,28,4247,16695,202.8896
14/06/2021,372952,1864,28,4255,16662,202.8896
15/06/2021,371488,1855,28,4247,16656,202.8896
16/06/2021,370517,1860,28,4224,16543,202.8896
17/06/2021,364302,1774,26,4222,16412,202.8896
18/06/2021,356491,1768,26,4166,16144,202.8896
21/06/2021,354656,1782,26,4225,16412,202.8896
22/06/2021,356845,1776,26,4246,16449,202.8896
23/06/2021,355878,1782,26,4242,16438,202.8977
24/06/2021,,1776,26,4266,16559,
25/06/2021,355611,1777,26,4281,16659,202.8977
28/06/2021,354673,1780,26,4291,16574,202.8977
29/06/2021,354898,1763,26,4292,16548,202.8977
30/06/2021,354897,1771,26,4298,16555,202.8977
1/7/2021,355857,1776,26,4320,16641,202.8977
2/7/2021,356517,1783,26,4352,16675,202.8977
5/7/2021,357520,1804,26,4310,16598,202.8977
6/7/2021,359413,1794,26,4344,16543,202.8977
7/7/2021,360092,1802,26,4358,16559,202.8977
8/7/2021,359497,1800,26,4321,16360,202.8977
9/7/2021,360747,1810,26,4370,16633,202.8977
12/7/2021,361090,1806,26,4385,16673,202.8977
13/07/2021,361902,1809,26,4369,16576,202.8977
14/07/2021,361946,1824,26,4374,16544,202.8977
15/07/2021,365048,1828,26,4360,16499,202.8977
16/07/2021,365146,1815,26,4327,16365,202.8977
19/07/2021,362531,1809,25,4258,16053,202.8977
20/07/2021,363474,1811,25,4323,16322,202.8977
21/07/2021,,1803,25,4359,16503,
22/07/2021,360073,1805,25,4367,16456,202.8977
23/07/2021,,1801,25,4412,16552,
26/07/2021,360998,1799,25,4422,16565,202.8977
27/07/2021,359159,1800,25,4401,16521,202.8977
28/07/2021,360440,1800,25,4401,16574,202.8977
29/07/2021,362915,1831,26,4419,16697,202.8977
30/07/2021,365562,1813,26,4395,16602,202.8977
2/8/2021,362245,1818,26,4387,16576,202.8977
3/8/2021,362172,1810,26,4423,16713,202.8977
4/8/2021,362448,1811,25,4403,16594,202.8977
5/8/2021,361816,1805,25,4429,16696,202.8977
6/8/2021,360019,1760,24,4437,16748,202.8977
9/8/2021,347848,1723,23,4432,16727,202.8977
10/8/2021,346893,1729,23,4437,16793,202.8977
11/8/2021,346264,1750,23,4442,16875,202.8977
12/8/2021,349872,1749,23,4461,16871,202.8977
13/08/2021,350962,1775,24,4468,16868,202.8977
16/08/2021,355563,1787,24,4480,16837,202.8977
17/08/2021,357142,1785,24,4448,16707,202.8977
18/08/2021,357656,1782,23,4400,16550,202.8977
19/08/2021,356049,1780,23,4406,16429,202.8977
20/08/2021,356421,1781,23,4442,16517,202.8977
23/08/2021,357060,1803,24,4480,16649,202.8977
24/08/2021,360218,1806,24,4486,16741,202.8977
25/08/2021,358638,1788,24,4496,16813,202.8977
26/08/2021,357680,1792,24,4470,16694,202.8977
27/08/2021,359409,1817,24,4509,16845,202.8977
30/08/2021,368011,1809,24,4529,16820,202.8977
31/08/2021,380702,1815,24,4523,16806,204.8977
1/9/2021,380490,1813,24,4524,16846,203.8701
2/9/2021,380813,1809,24,4537,16927,202.9992
3/9/2021,376198,1831,25,4535,16910,202.9992
6/9/2021,379004,1792,24,4530,16862,203
7/9/2021,378646,1796,24,4520,16801,202.9992
8/9/2021,359885,1791,24,4514,16731,202.9992
9/9/2021,357956,1797,24,4493,16663,202.9992
10/9/2021,359399,1790,24,4459,16563,202.9992
13/09/2021,358009,1792,24,4469,16635,202.9992
14/09/2021,358519,1805,24,4443,16497,202.9992
15/09/2021,360703,1792,24,4481,16627,202.9992
16/09/2021,359122,1755,23,4474,16577,202.9992
17/09/2021,351397,1749,22,4433,16460,202.9992
20/09/2021,,1762,22,4358,16168,
21/09/2021,352714,1776,23,4354,16185,202.9992
22/09/2021,354864,1777,23,4396,16352,202.9992
23/09/2021,352465,1748,23,4449,16567,202.9992
24/09/2021,350605,1750,22,4455,16539,202.9992
27/09/2021,351783,1750,23,4443,16600,202.9992
28/09/2021,350762,1736,22,4353,16329,202.9992
29/09/2021,347688,1722,21,4359,16345,202.9992
30/09/2021,346524,1755,22,4308,16145,202.9992
1/10/2021,352305,1757,23,4357,16324,202.9992
4/10/2021,352218,1766,23,4300,16199,202.9992
5/10/2021,352717,1760,23,4346,16327,202.9992
6/10/2021,351657,1761,23,4364,16338,202.9992
7/10/2021,351881,1758,23,4400,16512,202.9992
8/10/2021,357089,1756,23,4391,16517,202.9992
11/10/2021,355980,1755,23,4361,16430,202.9992
12/10/2021,355889,1758,22,4351,16442,202.9992
13/10/2021,352553,1794,23,4364,16513,202.9992
14/10/2021,357692,1797,23,4438,16744,202.9992
15/10/2021,361333,1767,23,4471,16872,202.9992
18/10/2021,354374,1765,23,4486,16862,202.9992
19/10/2021,,1770,24,4520,16988,
20/10/2021,,1784,24,4536,17099,
21/10/2021,358686,1781,24,4550,17083,202.9992
22/10/2021,359257,1796,24,4545,17122,202.9992
25/10/2021,362305,1806,25,4566,17169,202.9992
26/10/2021,366415,1793,24,4575,17145,202.9992
27/10/2021,361709,1798,24,4552,16920,202.9992
28/10/2021,360122,1802,24,4596,17077,202.9992
29/10/2021,362861,1783,24,4605,17016,202.9992
1/11/2021,360641,1795,24,4614,17131,202.9992
2/11/2021,362715,1789,24,4631,17115,202.9992
3/11/2021,360793,1764,23,4661,17210,202.9992
4/11/2021,,1793,24,4680,17169,
5/11/2021,363700,1816,24,4698,17242,202.9992
8/11/2021,364534,1827,25,4702,17311,202.9992
9/11/2021,368685,1830,24,4685,17287,202.9992
10/11/2021,369989,1848,25,4647,17192,202.9992
11/11/2021,371476,1863,25,4649,17220,202.9992
12/11/2021,375907,1868,25,4683,17298,202.9992
15/11/2021,375757,1866,25,4683,17286,202.9992
16/11/2021,377400,1854,25,4701,17303,202.9992
17/11/2021,373359,1870,25,4689,17193,202.9992
18/11/2021,,1861,25,4705,17118,
19/11/2021,376442,1851,25,4698,16974,202.9992
22/11/2021,373402,1806,24,4683,16946,202.9992
23/11/2021,366282,1784,23,4691,17008,202.9992
24/11/2021,360174,1784,24,4701,17037,202.9992
25/11/2021,360440,1778,24,4696,17016,202.9992
26/11/2021,360579,1785,23,4595,16625,202.9992
29/11/2021,361854,1782,23,4655,16684,202.9992
30/11/2021,361493,1774,23,4567,16319,202.9992
1/12/2021,359369,1782,22,4513,16134,202.9992
2/12/2021,359703,1761,22,4577,16475,202.9992
3/12/2021,355089,1782,22,4538,16348,202.9992
6/12/2021,361317,1778,22,4592,16592,202.9992
7/12/2021,356152,1783,22,4687,16854,202.9992
8/12/2021,360831,1783,22,4701,16900,202.9992
9/12/2021,358917,1775,22,4667,16780,202.9992
10/12/2021,357741,1783,22,4712,16857,202.9992
13/12/2021,359799,1786,22,4669,16720,202.9992
14/12/2021,361059,1770,22,4634,16653,202.9992
15/12/2021,357789,1763,22,4710,16814,202.9992
16/12/2021,357680,1797,22,4669,16849,202.9992
17/12/2021,363292,1804,23,4621,16669,202.9992
20/12/2021,365533,1794,22,4568,16442,202.9992
21/12/2021,360956,1788,23,4649,16744,202.9992
22/12/2021,360158,1802,23,4697,16875,202.9992
23/12/2021,362529,1811,23,4726,16963,202.9992
24/12/2021,364066,1809,23,4652,16739,202.9992
27/12/2021,363783,1808,23,4791,17141,202.9992
28/12/2021,364536,1810,23,4786,17134,202.9992
29/12/2021,362873,1805,23,4793,17150,202.9992
30/12/2021,365943,1813,23,4779,17164,202.9992
31/12/2021,363794,1828,23,4766,17164,202.9992
3/1/2022,366332,1799,23,4797,17226,202.9992
4/1/2022,361395,1814,23,4794,17337,202.9992
5/1/2022,366168,1825,23,4701,17113,202.9992
6/1/2022,363701,1789,22,4696,17157,202.9992
7/1/2022,360490,1797,22,4677,17166,202.9992
10/1/2022,362434,1790,22,4670,17120,202.9992
11/1/2022,362996,1819,23,4713,17295,202.9992
12/1/2022,365732,1827,23,4726,17354,202.9992
13/01/2022,368175,1821,23,4659,17259,202.9992
14/01/2022,,1817,23,4663,17219,
17/01/2022,,1831,23,4686,17249,
18/01/2022,367899,1812,23,4577,16951,202.9992
19/01/2022,366147,1843,24,4533,16819,202.9992
20/01/2022,369878,1843,25,4483,16664,202.9992
21/01/2022,373065,1832,24,4398,16397,202.9992
24/01/2022,370986,1842,24,4410,16414,202.9992
25/01/2022,371918,1853,24,4356,16340,202.9992
26/01/2022,372482,1830,24,4350,16237,202.9992
27/01/2022,366980,1793,23,4327,16152,202.9992
28/01/2022,361857,1785,22,4432,16398,202.9992
31/01/2022,359928,1795,22,4516,16660,202.9992
1/2/2022,362917,1800,23,4547,16830,202.9992
2/2/2022,362419,1809,23,4589,16905,202.9992
3/2/2022,364172,1803,22,4477,16677,202.9992
4/2/2022,,1807,22,4501,16702,
7/2/2022,365726,1821,23,4484,16723,202.9992
8/2/2022,368772,1827,23,4522,16854,202.9992
9/2/2022,369339,1835,23,4587,17070,202.9992
10/2/2022,370350,1836,24,4504,16856,202.9992
11/2/2022,368768,1841,23,4419,16665,202.9992
14/02/2022,373542,1868,24,4402,16531,202.9992
15/02/2022,376213,1855,23,4471,16746,202.9992
16/02/2022,,1870,24,4475,16770,
17/02/2022,377516,1901,24,4380,16492,202.9992
18/02/2022,382120,1899,24,4349,16392,202.9992
21/02/2022,382973,1911,24,4415,16586,202.9992
22/02/2022,385633,1906,24,4305,16216,202.9992
23/02/2022,382054,1909,25,4226,16020,202.9992
24/02/2022,385185,1925,25,4289,15996,202.9992
25/02/2022,387214,1887,24,4385,16428,202.9992
28/02/2022,384052,1899,24,4374,16314,202.9992
1/3/2022,,1942,26,4306,16069,
2/3/2022,391394,1921,25,4387,16381,202.9992
3/3/2022,389657,1934,25,4363,16287,202.9992
4/3/2022,390696,1965,26,4329,16130,202.9992
7/3/2022,402150,1994,26,4201,15708,202.9992
8/3/2022,401727,2040,27,4171,15626,229.9987
9/3/2022,470485,1986,26,4278,15978,229.9987
10/3/2022,452625,1998,26,4260,15930,259.9999
11/3/2022,502614,1983,26,4204,15754,259.9999
14/03/2022,497107,1960,25,4173,15694,259.9999
15/03/2022,511778,1929,25,4262,15896,269.9952
16/03/2022,515218,1908,25,4358,16262,274.9979
17/03/2022,,1942,26,4412,16484,
18/03/2022,518657,1928,25,4463,16613,274.9979
21/03/2022,529778,1929,25,4461,16607,274.9979
22/03/2022,541124,1921,25,4512,16735,282.4956
23/03/2022,539103,1937,25,4456,16559,284.9983
24/03/2022,543857,1962,26,4520,16702,289.996
25/03/2022,569579,1954,26,4543,16793,294.9987
28/03/2022,574607,1940,25,4576,16799,298.9958
29/03/2022,568295,1912,25,4632,17015,298.9958
30/03/2022,589041,1934,25,4602,16933,298.9958
31/03/2022,576139,1949,25,4530,16671,298.9958
1/4/2022,578835,1919,25,4546,16788,299.4908
4/4/2022,596766,1929,25,4583,16830,299.9914
5/4/2022,593693,1923,25,4525,16645,303.4964
6/4/2022,591942,1918,24,4481,16587,308.4951
7/4/2022,576208,1934,25,4500,16631,319.9971
8/4/2022,577457,1942,25,4488,16690,321.4971
11/4/2022,605318,1944,25,4413,16534,327.4999
12/4/2022,613644,1972,26,4397,16466,329.9975
13/04/2022,,1981,26,4447,16615,
14/04/2022,,1971,26,4393,16512,
15/04/2022,,1960,25,4427,16563,
18/04/2022,622364,1983,26,4392,16466,334.9975
19/04/2022,612806,1956,25,4462,16659,339.9979
20/04/2022,603379,1952,25,4459,16761,339.9979
21/04/2022,654404,1945,25,4394,16499,339.9979
22/04/2022,652886,1931,24,4272,16057,339.9979
25/04/2022,643936,1893,24,4296,16055,342.4979
26/04/2022,647701,1901,24,4175,15694,346.4956
27/04/2022,642461,1886,23,4184,15742,350.4972
28/04/2022,643702,1889,23,4288,16033,354.996
29/04/2022,649917,1909,23,4132,15615,359.9987
2/5/2022,,1862,23,4155,15609,
3/5/2022,,1869,23,4175,15730,
4/5/2022,633020,1867,22,4300,16120,362.9987
5/5/2022,664815,1874,22,4147,15653,369.9991
6/5/2022,671178,1881,22,4123,15567,374.9967
9/5/2022,684259,1857,22,3991,15058,374.9967
10/5/2022,678434,1840,21,4001,15026,
11/5/2022,670121,1853,22,3935,14902,374.9967
12/5/2022,668628,1824,21,3930,14931,377.4967
13/05/2022,657106,1807,21,4024,15257,364.984
16/05/2022,,1814,22,4008,15260,
17/05/2022,656920,1818,22,4089,15542,364.7323
18/05/2022,651997,1816,22,3924,15045,364.6316
19/05/2022,652783,1841,22,3901,15036,364.5309
20/05/2022,660444,1842,22,3901,15081,364.4504
23/05/2022,665734,1848,22,3974,15343,364.4202
24/05/2022,664819,1865,22,3941,15290,364.3597
25/05/2022,669218,1846,22,3979,15412,364.3597
26/05/2022,665551,1847,22,4058,15664,364.692
27/05/2022,665951,1851,22,4158,15943,364.2289
30/05/2022,670857,1849,22,4022,15530,365.7493
31/05/2022,667520,1843,22,4132,15827,365.7493
1/6/2022,661364,1843,22,4101,15710,365.0948
2/6/2022,665341,1867,22,4177,15961,365.5882
3/6/2022,674537,1845,22,4109,15797,365.2861
6/6/2022,668111,1839,22,4121,15848,365.266
7/6/2022,663215,1848,22,4161,16020,366.2398
8/6/2022,665822,1852,22,4116,15844,366.5762
9/6/2022,666585,1849,22,4018,15472,366.7956
10/6/2022,664351,1872,22,3901,15097,366.5287
13/06/2022,669519,1828,21,3750,14528,366.5254
14/06/2022,,1810,21,3735,14445,
15/06/2022,654547,1815,21,3790,14595,366.5065
16/06/2022,659009,1846,22,3667,14142,366.4915
17/06/2022,663582,1836,22,3675,14097,366.3277
20/06/2022,663006,1827,21,3723,14361,366.838
21/06/2022,666291,1835,22,3765,14414,367.7352
22/06/2022,659292,1834,21,3760,14353,367.1121
23/06/2022,661636,1826,21,3796,14402,367.3982
24/06/2022,657528,1827,21,3912,14812,367.1686
27/06/2022,661401,1821,21,3900,14835,367.4039
28/06/2022,656245,1818,21,3822,14667,367.2255
29/06/2022,655462,1814,21,3819,14600,367.0703
30/06/2022,655624,1804,20,3785,14488,367.1246
1/7/2022,649205,1799,20,3825,14637,367.2423
4/7/2022,651046,1739,21,3830,14645,367.3155
5/7/2022,651359,1762,19,3831,14499,367.2998
6/7/2022,637360,1735,19,3845,14465,367.3317
7/7/2022,627886,1738,19,3903,14677,368.0616
8/7/2022,628253,1741,19,3899,14642,367.6651
11/7/2022,629690,1730,19,3854,14502,368.3974
12/7/2022,626211,1723,19,3819,14395,368.3011
13/07/2022,,1734,19,3802,14340,
14/07/2022,625588,1705,18,3790,14171,368.7594
15/07/2022,619785,1702,19,3863,14450,368.5245
18/07/2022,618719,1709,19,3831,14403,368.3433
19/07/2022,616797,1710,19,3937,14767,368.4926
20/07/2022,619190,1700,19,3960,14778,368.9001
21/07/2022,612272,1713,19,3999,14871,368.9187
22/07/2022,619700,1727,19,3962,14791,368.6321
25/07/2022,623059,1719,18,3967,14899,368.5067
26/07/2022,623156,1718,18,3921,14794,368.5144
27/07/2022,619841,1719,19,4024,15031,368.4922
28/07/2022,626348,1750,20,4072,15199,368.4922
29/07/2022,632998,1763,20,4130,15328,368.4121
1/8/2022,637003,1769,20,4119,15286,368.5064
2/8/2022,641387,1771,20,4091,15163,368.5388
3/8/2022,637122,1758,20,4155,15267,368.4999
4/8/2022,638107,1789,20,4152,15224,368.5416
5/8/2022,645603,1773,20,4145,15273,368.5198
8/8/2022,640465,1787,21,4140,15306,368.4698
9/8/2022,644038,1794,20,4122,15265,368.6127
10/8/2022,647553,1796,21,4210,15553,368.6127
11/8/2022,,1790,20,4207,15603,
12/8/2022,644758,1799,21,4280,15804,368.567
15/08/2022,648081,1781,20,4297,15794,368.6066
16/08/2022,643301,1773,20,4305,15847,368.6872
17/08/2022,641235,1760,20,4274,15734,368.6827
18/08/2022,636816,1755,19,4284,15764,368.7038
19/08/2022,634073,1748,19,4228,15588,368.72
22/08/2022,630944,1734,19,4138,15342,368.6905
23/08/2022,628124,1747,19,4129,15338,368.7116
24/08/2022,630154,1748,19,4141,15392,368.7116
25/08/2022,633814,1758,19,4199,15595,368.7116
26/08/2022,634419,1736,19,4058,15178,369.0166
29/08/2022,623633,1737,19,4031,15119,368.783
30/08/2022,626580,1723,18,3986,14931,368.899
31/08/2022,622173,1713,18,3955,14801,368.9007
1/9/2022,615711,1697,18,3967,14772,368.8612
2/9/2022,613502,1710,18,3924,14690,369.0956
5/9/2022,617807,1708,18,3973,14863,369.028
6/9/2022,620792,1700,18,3908,14632,369.028
7/9/2022,614040,1715,18,3980,14845,369.3395
8/9/2022,620661,1708,18,4006,14962,369.3806
9/9/2022,621595,1716,19,4067,15191,369.5017
12/9/2022,621280,1728,20,4110,15352,369.6151
13/09/2022,623772,1705,19,3933,14821,369.6183
14/09/2022,617399,1697,19,3946,14843,369.7126
15/09/2022,614340,1665,19,3901,14722,369.7126
16/09/2022,603341,1672,19,3873,14574,369.9135
19/09/2022,605567,1666,19,3900,14674,369.9371
20/09/2022,608317,1660,19,3856,14475,369.9003
21/09/2022,604567,1665,19,3790,14237,369.9424
22/09/2022,602194,1671,20,3758,14117,369.9235
23/09/2022,606412,1645,19,3693,13797,369.9235
26/09/2022,595644,1623,18,3655,13580,369.9371
27/09/2022,591532,1627,18,3647,13542,369.9371
28/09/2022,589448,1660,19,3719,13833,369.9371
29/09/2022,600538,1659,19,3640,13608,369.9103
30/09/2022,602777,1662,19,3586,13472,369.9103
3/10/2022,604681,1693,21,3678,13856,369.9103
4/10/2022,615640,1721,21,3791,14319,369.9103
5/10/2022,624295,1711,20,3783,14262,369.9103
6/10/2022,624495,1712,21,3745,14087,369.8629
7/10/2022,620463,1701,20,3640,13798,369.9156
10/10/2022,,1667,20,3612,13694,
11/10/2022,604407,1679,19,3589,13608,369.9682
12/10/2022,603682,1670,19,3577,13547,370.3945
13/10/2022,606203,1670,19,3670,13889,370.4261
14/10/2022,605723,1642,18,3583,13607,370.7183
17/10/2022,599750,1657,19,3678,13923,370.8637
18/10/2022,599593,1649,19,3720,14089,370.9316
19/10/2022,600111,1628,18,3695,13947,370.975
20/10/2022,589857,1631,19,3666,13840,371.1179
21/10/2022,590981,1651,19,3753,14144,371.2425
24/10/2022,,1649,19,3797,14226,
25/10/2022,598983,1653,19,3859,14441,371.2612
26/10/2022,601056,1664,19,3831,14532,371.2103
27/10/2022,604390,1661,19,3807,14570,371.2103
28/10/2022,604907,1640,19,3901,14796,371.2296
31/10/2022,596771,1636,19,3872,14747,371.2103
1/11/2022,595381,1645,20,3856,14791,371.4597
2/11/2022,599084,1646,20,3760,14498,371.5123
3/11/2022,595131,1627,19,3720,14456,371.565
4/11/2022,594693,1673,21,3771,14703,371.6809
7/11/2022,,1677,21,3807,14809,
8/11/2022,608079,1712,21,3828,14889,371.6809
9/11/2022,621091,1710,21,3749,14588,371.7599
10/11/2022,620802,1750,22,3956,15235,371.7599
11/11/2022,636158,1766,22,3993,15353,371.7599
14/11/2022,640354,1774,22,3957,15229,371.7599
15/11/2022,644075,1774,22,3992,15381,371.7599
16/11/2022,645810,1773,22,3959,15265,371.7757
17/11/2022,642809,1761,21,3947,15224,371.8325
18/11/2022,641036,1752,21,3965,15310,371.8325
21/11/2022,634288,1737,21,3950,15278,371.8325
22/11/2022,633441,1738,21,4004,15482,371.8325
23/11/2022,632470,1745,21,4027,15546,371.8325
24/11/2022,637903,1754,21,3979,15368,371.8325
25/11/2022,638232,1753,21,4026,15606,371.2929
28/11/2022,635136,1740,21,3964,15370,371.2929
29/11/2022,634396,1748,21,3958,15433,371.717
30/11/2022,636341,1746,22,4080,15780,371.7222
1/12/2022,644695,1801,23,4077,15761,371.7275
2/12/2022,652701,1796,23,4072,15767,371.7222
5/12/2022,656347,1767,22,3999,15475,371.7191
6/12/2022,644151,1769,22,3941,15328,371.7191
7/12/2022,,1786,23,3934,15312,
8/12/2022,647599,1789,23,3964,15400,371.7191
9/12/2022,651083,1798,24,3934,15291,371.7191
12/12/2022,649417,1781,23,3991,15469,371.7191
13/12/2022,647864,1814,24,4020,15563,371.7191
14/12/2022,657430,1808,24,3995,15495,371.7191
15/12/2022,652344,1777,23,3896,15182,371.7191
16/12/2022,647229,1790,23,3852,15018,371.7191
19/12/2022,652006,1788,23,3818,14938,371.7191
20/12/2022,648768,1816,24,3822,15001,371.6601
21/12/2022,659693,1816,24,3878,15220,371.7127
22/12/2022,660564,1787,23,3822,15082,371.6613
23/12/2022,651638,1796,24,3845,15188,371.7819
26/12/2022,,1822,24,3837,15086,
27/12/2022,655666,1815,24,3829,15218,371.5893
28/12/2022,657493,1808,24,3783,15037,371.6168
29/12/2022,656701,1820,24,3849,15241,371.6168
30/12/2022,659753,1820,24,3840,15184,371.6068
2/1/2023,662293,1854,24,3828,15153,371.6068
3/1/2023,665078,1840,24,3824,15154,371.5921
4/1/2023,670070,1853,24,3853,15350,371.5724
5/1/2023,673466,1835,23,3808,15225,371.5724
6/1/2023,,1864,24,3895,15540,
9/1/2023,681634,1873,24,3892,15514,371.5491
10/1/2023,678500,1872,24,3919,15608,371.3989
11/1/2023,679383,1875,23,3970,15749,371.3646
12/1/2023,681960,1896,24,3983,15860,371.4609
13/01/2023,687493,1918,24,3999,15918,371.4665
16/01/2023,,1919,24,3953,15730,
17/01/2023,692025,1907,24,3991,15884,371.4781
18/01/2023,691197,1904,24,3929,15649,371.4781
19/01/2023,689535,1922,24,3899,15570,371.3916
20/01/2023,699496,1926,24,3973,15778,371.3915
23/01/2023,700546,1927,23,4020,15880,371.3845
24/01/2023,700752,1934,24,4017,15868,371.3909
25/01/2023,702391,1941,24,4016,15889,371.3909
26/01/2023,704726,1929,24,4060,15986,371.3887
27/01/2023,698313,1929,24,4071,15963,371.3887
30/01/2023,697208,1923,24,4018,15819,371.3035
31/01/2023,697239,1930,24,4077,16036,371.3887
1/2/2023,697268,1928,24,4119,16121,371.3942
2/2/2023,707335,1916,24,4180,16123,371.0331
3/2/2023,693599,1863,22,4136,15999,370.3529
6/2/2023,678528,1866,22,4111,15895,370.1832
7/2/2023,678040,1872,22,4164,16022,370.2611
8/2/2023,679312,1877,22,4118,15935,370.3547
9/2/2023,680194,1866,22,4082,15829,370.2786
10/2/2023,673992,1863,22,4090,15911,370.2484
13/02/2023,673560,1852,22,4137,16052,369.9592
14/02/2023,672163,1854,22,4136,16025,369.9523
15/02/2023,672201,1834,22,4148,16016,369.8892
16/02/2023,666552,1842,22,4090,15874,369.8164
17/02/2023,662149,1840,22,4079,15840,369.6666
20/02/2023,667015,1824,22,4118,15961,369.5636
21/02/2023,666880,1833,22,3997,15573,369.3116
22/02/2023,664090,1832,22,3991,15531,368.6063
23/02/2023,661194,1818,21,4012,15585,368.5292
24/02/2023,661724,1809,21,3970,15464,368.7702
27/02/2023,657461,1817,21,3982,15493,367.9284
28/02/2023,657646,1829,21,3970,15429,366.9212
1/3/2023,655377,1838,21,3951,15436,362.9543
2/3/2023,648887,1834,21,3981,15525,356.7393
3/3/2023,637010,1848,21,4046,15721,348.0322
6/3/2023,,1848,21,4048,15694,
7/3/2023,624541,1814,20,3986,15439,335.7502
8/3/2023,591800,1813,20,3992,15441,331.0583
9/3/2023,579591,1829,20,3918,15141,325.5218
10/3/2023,583175,1862,20,3862,14894,328.9042
13/03/2023,600795,1912,22,3856,14764,328.8699
14/03/2023,615387,1906,22,3919,14945,335.6887
15/03/2023,622995,1927,22,3892,14663,344.6634
16/03/2023,644344,1919,22,3960,14831,346.3312
17/03/2023,648209,1970,22,3917,14599,350.2275
20/03/2023,662084,1979,23,3952,14778,349.8726
21/03/2023,663595,1938,22,4003,14986,334.9328
22/03/2023,624632,1947,23,3937,14741,330.1625
23/03/2023,626798,1994,23,3949,14693,328.6083
24/03/2023,634624,1982,23,3971,14759,331.3791
27/03/2023,633312,1952,23,3978,14895,332.5841
28/03/2023,627555,1972,23,3971,14949,332.8711
29/03/2023,635280,1966,23,4028,15124,333.4925
30/03/2023,638309,1980,24,4051,15201,335.411
31/03/2023,649006,1969,24,4109,15375,336.0123
3/4/2023,641145,1984,24,4125,15488,334.2094
4/4/2023,641220,2022,25,4101,15374,330.5038
5/4/2023,,2021,25,4090,15368,
6/4/2023,645929,2012,25,4105,15379,330.5619
7/4/2023,,2005,25,4106,15397,
10/4/2023,637806,1989,25,4109,15427,327.7229
11/4/2023,638641,2005,25,4109,15521,327.6693
12/4/2023,645033,2011,25,4092,15501,327.1787
13/04/2023,,2041,26,4146,15631,
14/04/2023,,2002,25,4138,15602,
17/04/2023,640709,1994,25,4151,15668,327.0215
18/04/2023,639092,2007,25,4155,15685,327.4612
19/04/2023,643259,1995,25,4155,15654,327.7272
20/04/2023,639313,2008,25,4130,15583,327.8921
21/04/2023,643079,1980,25,4134,15579,328.5152
24/04/2023,637498,1989,25,4137,15607,328.4847
25/04/2023,642565,1994,25,4072,15364,328.5407
26/04/2023,642879,1986,25,4056,15229,328.6723
27/04/2023,642715,1990,25,4135,15432,328.7701
28/04/2023,639889,1990,25,4169,15546,328.7514
1/5/2023,,1983,25,4168,15536,
2/5/2023,636986,2014,25,4120,15315,328.4158
3/5/2023,647542,2029,25,4091,15234,327.9562
4/5/2023,653818,2048,26,4061,15118,326.6292
5/5/2023,,2017,26,4136,15381,
8/5/2023,645062,2026,26,4138,15391,326.3198
9/5/2023,644578,2036,26,4119,15353,325.9516
10/5/2023,646413,2031,25,4138,15349,324.8084
11/5/2023,643441,2015,24,4131,15263,322.7018
12/5/2023,631042,2015,24,4124,15246,320.0375
15/05/2023,630846,2018,24,4136,15323,319.9619
16/05/2023,630512,1988,24,4110,15129,318.7965
17/05/2023,618175,1981,24,4159,15314,316.188
18/05/2023,610045,1957,24,4198,15345,312.3715
19/05/2023,598983,1979,24,4192,15324,314.0848
22/05/2023,607553,1975,24,4193,15319,313.8244
23/05/2023,600234,1972,23,4146,15172,312.3359
24/05/2023,601719,1963,23,4115,15023,311.2316
25/05/2023,593511,1943,23,4151,14976,310.9562
26/05/2023,590204,1944,23,4205,15079,308.5472
29/05/2023,582001,1962,23,4162,15114,303.264
30/05/2023,577207,1958,23,4206,14995,303.9548
31/05/2023,577375,1964,23,4180,14887,300.921
1/6/2023,574645,1978,24,4221,15031,297.2316
2/6/2023,578396,1952,24,4282,15345,300.3287
5/6/2023,568579,1958,24,4274,15275,298.8583
6/6/2023,572134,1966,24,4284,15392,297.9434
7/6/2023,572184,1943,23,4268,15470,298.4378
8/6/2023,566075,1964,24,4294,15503,298.9191
9/6/2023,575799,1962,24,4299,15500,301.1291
12/6/2023,579452,1955,24,4339,15548,303.7392
13/06/2023,588065,1945,24,4369,15668,309.2237
14/06/2023,590590,1955,24,4373,15643,318.9974
15/06/2023,596714,1958,24,4426,15826,328.9272
16/06/2023,614583,1958,24,4410,15795,319.66
19/06/2023,604531,1923,24,4383,15696,315.1281
20/06/2023,596678,1936,23,4389,15649,314.3802
21/06/2023,593437,1933,23,4366,15657,314.4947
22/06/2023,593182,1913,22,4382,15601,314.963
23/06/2023,586842,1919,22,4348,15469,314.365
26/06/2023,591173,1924,23,4329,15519,314.9261
27/06/2023,593859,1914,23,4378,15647,316.7243
28/06/2023,591252,1912,23,4377,15617,316.6728
29/06/2023,,1909,23,4396,15737,
30/06/2023,,1921,23,4450,15876,
3/7/2023,,1922,23,4456,15919,
4/7/2023,592070,1929,23,4412,15759,314.9879
5/7/2023,589247,1920,23,4447,15836,313.668
6/7/2023,589149,1909,23,4412,15642,315.1016
7/7/2023,588837,1926,23,4399,15672,317.0914
10/7/2023,599540,1925,23,4410,15749,318.2388
11/7/2023,602732,1931,23,4439,15897,319.3229
12/7/2023,609247,1956,24,4472,16011,320.6817
13/07/2023,616479,1959,25,4510,16107,321.8765
14/07/2023,620861,1960,25,4505,16040,324.6783
17/07/2023,622778,1952,25,4523,16054,327.1641
18/07/2023,631882,1977,25,4555,16157,328.6534
19/07/2023,636970,1978,25,4566,16231,328.9299
20/07/2023,643807,1968,25,4535,16264,330.2942
21/07/2023,640994,1964,25,4536,16289,331.9854
24/07/2023,640968,1960,24,4555,16369,334.5576
25/07/2023,645792,1962,25,4567,16385,336.1624
26/07/2023,646609,1969,25,4567,16418,337.1774
27/07/2023,652311,1945,24,4537,16271,335.8919
28/07/2023,642198,1960,24,4582,16363,335.6506
31/07/2023,644691,1971,25,4589,16427,335.4036
1/8/2023,,1941,24,4577,16357,
2/8/2023,632562,1937,24,4513,16175,322.6856
3/8/2023,608656,1932,24,4502,16125,322.2084
4/8/2023,616282,1940,24,4478,16071,326.658
7/8/2023,618096,1934,23,4518,16208,328.5784
8/8/2023,621691,1924,23,4499,16176,328.6038
9/8/2023,619317,1915,23,4468,16136,327.522
10/8/2023,614618,1914,23,4469,16135,326.7861
11/8/2023,612606,1913,23,4464,16143,326.9576
14/08/2023,611563,1911,23,4490,16116,326.8853
15/08/2023,611784,1903,23,4438,15911,328.0221
16/08/2023,611544,1896,22,4404,15818,327.8235
17/08/2023,607897,1884,23,4370,15734,327.8749
18/08/2023,609570,1886,23,4370,15750,329.4982
21/08/2023,610936,1893,23,4400,15746,329.597
22/08/2023,614262,1896,23,4388,15690,329.7506
23/08/2023,615817,1919,24,4436,15823,329.8616
24/08/2023,621730,1918,24,4376,15683,329.8198
25/08/2023,621155,1911,24,4406,15767,329.6392
28/08/2023,620462,1918,24,4433,15880,329.5226
29/08/2023,622422,1937,25,4498,16041,329.5445
30/08/2023,,1944,25,4515,16074,
31/08/2023,628176,1938,24,4508,16000,326.9396
1/9/2023,620753,1940,24,4516,16092,325.8676
4/9/2023,620910,1919,24,4494,16017,326.2837
5/9/2023,620214,1926,24,4497,15942,326.653
6/9/2023,620037,1918,23,4465,15892,327.5101
7/9/2023,617860,1918,23,4451,15864,328.0638
8/9/2023,620917,1918,23,4457,15879,327.9947
11/9/2023,618743,1923,23,4487,15949,327.6048
12/9/2023,619557,1911,23,4462,15954,327.9261
13/09/2023,615837,1909,23,4467,15927,328.5308
14/09/2023,617504,1910,23,4505,16089,329.5704
15/09/2023,619360,1924,23,4450,15974,328.8809
18/09/2023,623255,1932,23,4454,15953,328.8363
19/09/2023,625795,1932,23,4444,15929,329.6034
20/09/2023,625529,1946,24,4402,15860,329.9359
21/09/2023,625596,1919,23,4330,15602,329.9016
22/09/2023,624960,1925,24,4320,15570,329.5513
25/09/2023,623863,1917,23,4337,15594,329.7702
26/09/2023,621327,1900,23,4274,15382,329.8014
27/09/2023,616774,1872,22,4275,15395,328.9001
28/09/2023,,1860,23,4300,15478,
29/09/2023,,1848,22,4288,15398,
2/10/2023,596256,1830,21,4288,15230,329.0139
3/10/2023,588345,1825,21,4229,15043,329.0008
4/10/2023,589802,1819,21,4264,15071,328.9126
5/10/2023,591308,1817,21,4258,15073,328.9081
6/10/2023,590268,1830,22,4309,15214,328.9108
9/10/2023,599462,1850,22,4336,15318,328.935
10/10/2023,603309,1861,22,4358,15450,328.7491
11/10/2023,602491,1873,22,4377,15488,328.7869
12/10/2023,607521,1869,22,4350,15330,328.8289
13/10/2023,606522,1927,23,4328,15324,328.8218
16/10/2023,622204,1921,23,4374,15485,328.8534
17/10/2023,619551,1923,23,4373,15541,329.4189
18/10/2023,629486,1955,23,4315,15325,329.543
19/10/2023,632193,1968,23,4278,15196,329.8115
20/10/2023,642993,1983,23,4224,15033,330.4162
23/10/2023,640608,1976,23,4217,14946,331.005
24/10/2023,645147,1975,23,4248,15026,331.3956
25/10/2023,646099,1984,23,4187,14914,332.565
26/10/2023,648344,1987,23,4137,14859,331.9361
27/10/2023,649028,1989,23,4117,14676,332.0178
30/10/2023,655616,1996,23,4167,14826,332.4987
31/10/2023,653370,1985,23,4194,14919,332.5096
1/11/2023,648250,1979,23,4238,15003,332.6334
2/11/2023,651360,1986,23,4318,15333,333.4354
3/11/2023,653498,1992,23,4358,15475,334.138
6/11/2023,654926,1982,23,4366,15441,334.4083
7/11/2023,647095,1967,23,4378,15388,331.9647
8/11/2023,644285,1952,23,4383,15352,332.7923
9/11/2023,640940,1964,23,4347,15235,333.6374
10/11/2023,643043,1933,22,4415,15388,332.776
13/11/2023,634736,1946,22,4412,15403,332.478
14/11/2023,635899,1962,23,4496,15733,332.366
15/11/2023,642820,1960,23,4503,15765,332.9839
16/11/2023,644715,1984,24,4508,15717,333.6636
17/11/2023,651060,1982,24,4514,15813,333.2524
20/11/2023,650240,1978,24,4547,15882,333.2023
21/11/2023,652983,1999,24,4538,15862,333.1445
22/11/2023,655518,1991,24,4557,15908,333.6609
23/11/2023,654996,1992,24,4533,15836,333.7081
24/11/2023,654977,2002,24,4559,15984,333.7448
27/11/2023,660576,2012,25,4550,15931,333.7056
28/11/2023,663516,2040,25,4555,15929,334.1117
29/11/2023,674404,2047,25,4551,15963,334.2295
30/11/2023,672446,2038,25,4568,16089,333.4564
1/12/2023,669046,2071,26,4595,16264,333.2383
4/12/2023,684042,2024,25,4570,16233,333.3213
5/12/2023,667296,2019,24,4567,16123,333.2059
6/12/2023,662993,2031,24,4549,16092,333.0711
7/12/2023,663821,2030,24,4586,16137,331.7826
8/12/2023,663700,1998,23,4604,16208,331.6615
11/12/2023,653175,1978,23,4622,16274,332.3764
12/12/2023,648814,1978,23,4644,16286,332.328
13/12/2023,647142,1982,23,4707,16561,331.6167
14/12/2023,664243,2030,24,4720,16724,331.4772
15/12/2023,665308,2021,24,4719,16610,331.5038
18/12/2023,660761,2026,24,4741,16657,331.6089
19/12/2023,662250,2038,24,4768,16798,331.6405
20/12/2023,666506,2035,24,4698,16535,331.7038
21/12/2023,665454,2039,24,4747,16725,331.4997
22/12/2023,669041,2057,24,4755,16770,331.3071
25/12/2023,,2065,24,4742,16697,
26/12/2023,,2058,24,4775,16859,
27/12/2023,672800,2082,24,4782,16898,330.3827
28/12/2023,676498,2074,24,4783,16891,328.8731
29/12/2023,670390,2062,24,4770,16853,328.7784
1/1/2024,668309,2046,24,4770,16840,328.7784
2/1/2024,667794,2064,24,4743,16842,326.8587
3/1/2024,662662,2034,23,4705,16719,326.6933
4/1/2024,658732,2042,23,4689,16716,327.3976
5/1/2024,660099,2042,23,4697,16758,327.461
8/1/2024,658781,2027,23,4764,16885,327.4478
9/1/2024,656207,2026,23,4757,16773,327.4005
10/1/2024,655448,2022,23,4783,16819,327.5427
11/1/2024,655795,2014,23,4780,16781,327.6431
12/1/2024,656572,2047,23,4784,16800,327.3582
15/01/2024,,2027,23,4774,16812,
16/01/2024,660648,2026,23,4766,16639,327.189
17/01/2024,653194,2003,23,4739,16523,326.4384
18/01/2024,645426,2019,23,4781,16616,325.6904
19/01/2024,649352,2027,23,4840,16730,326.06
22/01/2024,650631,2020,22,4850,16779,325.3792
23/01/2024,647486,2024,22,4865,16801,324.8287
24/01/2024,648183,2014,23,4869,16769,324.7787
25/01/2024,,2017,23,4894,16890,
26/01/2024,645897,2017,23,4891,16949,323.1775
29/01/2024,642418,2025,23,4928,17041,322.7716
30/01/2024,645669,2032,23,4925,17089,322.7398
31/01/2024,645453,2048,23,4846,16911,321.8542
1/2/2024,646985,2053,23,4906,17116,320.4082
2/2/2024,644641,2036,23,4959,17102,316.9979
5/2/2024,634114,2026,22,4943,17005,317.2528
6/2/2024,632432,2035,22,4954,17135,317.6567
7/2/2024,639170,2035,22,4995,17212,318.6869
8/2/2024,638077,2032,23,4998,17252,318.5839
9/2/2024,638049,2023,23,5027,17276,318.2311
12/2/2024,633125,2018,23,5022,17332,317.8272
13/02/2024,632582,1993,22,4953,17069,318.4655
14/02/2024,624292,1990,22,5001,17240,318.1678
15/02/2024,624100,2002,23,5030,17435,318.0679
16/02/2024,627419,2012,23,5006,17409,317.762
19/02/2024,631235,2003,23,5002,17297,317.2903
20/02/2024,630209,2028,23,4976,17340,317.1692
21/02/2024,632728,2022,23,4982,17383,316.8174
22/02/2024,631791,2020,23,5087,17565,316.0679
23/02/2024,,2039,23,5089,17616,
26/02/2024,631897,2029,23,5070,17567,315.8517
27/02/2024,631775,2034,23,5078,17598,315.7299
28/02/2024,631566,2033,22,5070,17574,315.2986
29/02/2024,631624,2046,23,5096,17607,314.8771
1/3/2024,633779,2087,23,5137,17728,314.2362
4/3/2024,643730,2118,24,5131,17749,313.4131
5/3/2024,650913,2134,24,5079,17669,312.6876
6/3/2024,654262,2150,24,5105,17801,312.6086
7/3/2024,660533,2158,24,5157,17928,312.4368
8/3/2024,,2179,24,5124,17890,
11/3/2024,669955,2183,25,5118,17864,311.9825
12/3/2024,669529,2160,24,5175,17974,311.45
13/03/2024,662200,2175,25,5165,18019,311.0041
14/03/2024,666025,2163,25,5150,17886,310.6428
15/03/2024,661047,2157,25,5117,17848,310.2053
18/03/2024,656909,2161,25,5149,17882,309.6749
19/03/2024,658503,2156,25,5179,17976,308.9065
20/03/2024,656230,2158,25,5225,18130,308.7249
21/03/2024,670995,2182,25,5242,18214,308.8069
22/03/2024,661297,2158,25,5234,18112,308.6902
25/03/2024,660444,2175,25,5218,18077,307.9921
26/03/2024,657416,2176,24.48,5203.58,18059,307.3326
27/03/2024,657504,2191,24.63,5248.49,18255,306.3453
28/03/2024,661225,2217,24.8,5254.35,18313,305.3339
29/03/2024,,,,,,
1/4/2024,678245,2237,24.95,5243.77,18216,305.1018
2/4/2024,674834,2261,25.8,5205.81,18108,304.9073
3/4/2024,684949,2294,26.94,5211.49,18147,304.6043
4/4/2024,689963,2289,27.14,5147.21,17982,304.5631
5/4/2024,681399,2326,27.4,5204.34,18122,304.2846
8/4/2024,696874,2332,27.71,5202.39,18154,303.8976
9/4/2024,700262,2344,27.89,5209.91,18171,303.4415
10/4/2024,701945,2330,27.96,5160.64,17947,303.3335
11/4/2024,,2355,28.18,5199.06,17915,
12/4/2024,,2356,28.25,5123.41,17639,
15/04/2024,705151,2366,28.65,5061.82,17507,303.2586
16/04/2024,711821,2391,28.32,5051.41,17414,303.5476
17/04/2024,715157,2372,28.35,5022.21,17403,305.1931
18/04/2024,713468,2382,28.33,5011.12,17388,306.4145
19/04/2024,725226,2398,28.81,4967.23,17459,306.5961
22/04/2024,717491,2332,27.21,5010.6,17602,306.4586
23/04/2024,,2328,27.33,5070.55,17793,
24/04/2024,699154,2325,27.32,5071.63,17758,305.393
25/04/2024,692993,2330,27.34,5048.42,17732,302.5848
26/04/2024,693732,2335,27.24,5099.96,17763,301.2928
29/04/2024,689518,2345,27.37,5116.17,17831,300.9597
30/04/2024,691795,2291,26.39,5035.69,17603,302.76
1/5/2024,,2300,26.49,5018.39,17576,
2/5/2024,691063,2299,26.58,5064.2,17699,302.3542
3/5/2024,682784,2299,26.44,5127.79,17798,301.9031
6/5/2024,687460,2322,27.37,5180.74,17964,302.304
7/5/2024,691983,2315,27.3,5187.7,17994,303.0127
8/5/2024,691862,2314,27.36,5187.67,17996,303.9272
9/5/2024,689893,2332,28.13,5214.08,18127,303.3789
10/5/2024,701531,2367,28.27,5222.68,18162,303.384
13/05/2024,704714,2336,28.22,5221.42,18134,303.7846
14/05/2024,702582,2353,,5246.68,18221,305.2385
15/05/2024,709219,2389,29.51,5308.15,18378,306.428
16/05/2024,722491,2380,29.67,5297.1,18317,307.0361
17/05/2024,717412,2412,31.05,5303.27,18388,305.1511
20/05/2024,729716,2434,32.21,5308.13,18336,304.5972
21/05/2024,725328,2422,31.87,5321.41,18338,304.3151
22/05/2024,726648,2389,31.3,5307.01,18237,304.4801
23/05/2024,,2335,30.28,5267.84,18028,
24/05/2024,,2333,30.33,5304.72,18111,
27/05/2024,701861,,,,,304.9953
28/05/2024,707029,2355,31.97,5306.04,18007,305.4195
29/05/2024,710894,2340,32.2,5266.95,17795,306.4442
30/05/2024,703860,2343,31.39,5235.48,17852,306.4863
31/05/2024,708485,2323,30.3,5277.51,18084,306.5863
3/6/2024,703082,2347,30.64,5283.4,18007,306.67
4/6/2024,708651,2326,29.49,5291.34,17934,306.8239
5/6/2024,705046,2354,29.95,5354.03,18046,306.8807
6/6/2024,715608,2370,31.25,5352.96,18067,307.0499
7/6/2024,717719,2305,29.33,5346.99,17986,307.4417
10/6/2024,695902,2308,29.77,5360.79,18038,307.5273
11/6/2024,697962,,29.13,5375.32,17919,308.0019
12/6/2024,702505,2331,30.18,5421.03,,308.2634
